county_key,family,role,rho_tilde,n_boot,n_eval,n_months,mech_cap,Delta_NMSE_mean,Delta_NMSE_p025,Delta_NMSE_p975,Delta_NMSE_excludes_zero,Delta_R2_price_mean,Delta_R2_price_p025,Delta_R2_price_p975,Delta_R2_price_excludes_zero,Delta_PRD_mean,Delta_PRD_p025,Delta_PRD_p975,Delta_PRD_excludes_zero,Delta_PRB_mean,Delta_PRB_p025,Delta_PRB_p975,Delta_PRB_excludes_zero,Delta_MKI_mean,Delta_MKI_p025,Delta_MKI_p975,Delta_MKI_excludes_zero,Delta_VEI_mean,Delta_VEI_p025,Delta_VEI_p975,Delta_VEI_excludes_zero,Delta_beta_log_mean,Delta_beta_log_p025,Delta_beta_log_p975,Delta_beta_log_excludes_zero,Delta_Delta_NL_mean,Delta_Delta_NL_p025,Delta_Delta_NL_p975,Delta_Delta_NL_excludes_zero,Delta_dCor_mean,Delta_dCor_p025,Delta_dCor_p975,Delta_dCor_excludes_zero
wayne,direct,baseline_rho0,0.0,200,17347,12,6000,0.0,0.0,0.0,False,0.0,0.0,0.0,False,0.0,0.0,0.0,False,0.0,0.0,0.0,False,0.0,0.0,0.0,False,0.0,0.0,0.0,False,0.0,0.0,0.0,False,0.0,0.0,0.0,False,0.0,0.0,0.0,False
wayne,direct,activity,0.3872983346207417,200,17347,12,6000,-2.171679939713081e-05,-0.0006112596342301463,0.0005348122099165909,False,0.006125850215584843,0.003358785530466907,0.009545330960168064,True,-0.011038242933128842,-0.011664761056810819,-0.010422752466853119,True,0.019669258566658136,0.018900601817988357,0.020432920404507067,True,0.02193894425910957,0.020916915640943258,0.02300325111730882,True,5.995632700654101,4.973904058424148,6.819583040790084,True,0.019590437532171778,0.018683240268516633,0.020395437886885432,True,0.005329719721561519,0.003630090227360572,0.007099173199888912,True,-0.038124212480558334,-0.04058581842935078,-0.03555287206223516,True
wayne,direct,guardrail,0.8157392010776716,200,17347,12,6000,0.0006810816296929528,-0.0002969781829995847,0.0015977371909609503,False,0.007149931940865407,0.0028790563471989996,0.012477167278309208,True,-0.020113563070848498,-0.020832171679037847,-0.01941679448220781,True,0.03595305645691502,0.035255177644808025,0.03672160579431343,True,0.04024162929092273,0.03944327737455446,0.04115746505918406,True,10.05805116307267,8.977349550915543,10.723906339769426,True,0.03618626868969709,0.03562898236003587,0.03678848953049099,True,0.010316436407322462,0.008599368310139483,0.012248933375326529,True,-0.07076959896225408,-0.07449182473862113,-0.06787237741406875,True
wayne,direct,A_beta_0.25,2.324995953335248,200,17347,12,6000,0.00459739772089889,0.0031770682303974653,0.0060198438780042175,True,0.0023620561972302907,-0.0059175239695563875,0.01264972685375208,False,-0.037605861859851944,-0.03897320750181987,-0.03619149504961362,True,0.06635422822670892,0.0649231459170837,0.06758932045941522,True,0.07536900344839846,0.07422894357785165,0.07643309633776475,True,19.21978092175714,18.07923506301236,20.149320174452665,True,0.06792820418916402,0.06670978018995978,0.06917462402295319,True,0.01783122813045498,0.014989617793161443,0.02099809656196285,True,-0.13022586761567495,-0.135442404838165,-0.12475758986399729,True
wayne,direct,A_beta_0.5,100.77003873690816,200,17347,12,6000,0.037237112841321224,0.033904132314759756,0.040740000490902165,True,-0.10777187141571044,-0.13308678986042666,-0.07759360798496834,True,-0.07505377484921152,-0.07749460711554568,-0.07288465980097039,True,0.13496657862703842,0.13319903198231814,0.13658343883982124,True,0.15083279053222196,0.14885976119530125,0.15292682017381737,True,38.815262703027756,37.5891199476459,39.98834596505507,True,0.1360579740302806,0.13443421063299607,0.1375467176337313,True,0.018232651655644787,0.012848030481425275,0.023702201610675648,True,-0.24365200989278113,-0.257628036499698,-0.2292794792993458,True
wayne,direct,direct_common_hi,0.5620804515923291,200,17347,12,6000,0.00038319861665511257,-0.0006064668909906631,0.001511609306254999,False,0.00662755116761355,0.003264941906499644,0.010119630453612728,True,-0.014912254697680937,-0.015561799906392098,-0.014209748844230458,True,0.026947010146189613,0.025935214821310865,0.02780256696669331,True,0.029586638761105545,0.02877623136067673,0.030399494390110478,True,7.6583339580598775,6.61777248351701,8.395731857856989,True,0.026703963006933874,0.0259592193208574,0.027665902368100126,True,0.006562641360634776,0.004438021564602989,0.008655230400261593,True,-0.05218848390988176,-0.055140918471063935,-0.04977376362792653,True
wayne,direct,direct_coverage75_lo,0.3909396965577807,200,17347,12,6000,0.00021198547263685683,-0.000649032914393808,0.0010738659257031,False,0.005895870592649255,0.0037395518855116053,0.008099561839486845,True,-0.011128382561067287,-0.011627685299193691,-0.010619773333536763,True,0.020175088214424774,0.019546553712213366,0.020804014934158635,True,0.02216287778675026,0.021581916760962515,0.022830272004899312,True,6.093117589085011,5.1014260637631645,7.417316594445031,True,0.020042049281048923,0.019286123031879533,0.02081761451882618,True,0.0052958215787143725,0.003434957407133193,0.007182634247005655,True,-0.039390510454437824,-0.04167112959218341,-0.03698880089483537,True
wayne,direct,direct_coverage75_hi,0.8111718071042558,200,17347,12,6000,0.0007897319689688009,-0.0002406595243342517,0.001967579527986377,False,0.008779891664387172,0.0046376884637394505,0.013381461642811182,True,-0.02023385560239085,-0.021291442163157058,-0.019183830589432214,True,0.03612273816483331,0.034973970980787014,0.03716890505860403,True,0.040623318046916344,0.03918374043011629,0.04185714193057111,True,10.492221455933377,9.401654422587415,11.321974145172142,True,0.036407133654238796,0.03508395467087848,0.037595165933915126,True,0.0112308419547985,0.009521173808971255,0.013188632743733037,True,-0.07050788968653769,-0.07442202557507928,-0.06671266805456039,True
wayne,surrogate,baseline_rho0,0.0,200,17347,12,6000,0.0,0.0,0.0,False,0.0,0.0,0.0,False,0.0,0.0,0.0,False,0.0,0.0,0.0,False,0.0,0.0,0.0,False,0.0,0.0,0.0,False,0.0,0.0,0.0,False,0.0,0.0,0.0,False,0.0,0.0,0.0,False
wayne,surrogate,activity,0.0873040160721099,200,17347,12,6000,0.0027875320678703674,0.0017614192076063691,0.0038500688181839606,True,0.0007405494629019949,-0.001691675766647535,0.0028857901628837816,False,-0.005748409777724475,-0.0063172660399944845,-0.00519945579129964,True,0.012079417072231573,0.011224980599198183,0.012725408451724252,True,0.0106429398003776,0.009641275886972589,0.011645761693522863,True,2.818170494518672,1.8216384365480176,3.9522043327323684,True,0.010705386107886078,0.00988056386074836,0.011483460446339118,True,-0.0010879179683188354,-0.0033840000981616328,0.0009332099383184472,False,-0.0228522274974829,-0.02543340908677616,-0.020283949315359123,True
wayne,surrogate,guardrail,0.3872983346207417,200,17347,12,6000,0.006609042976609189,0.004202671256249813,0.009015139827183813,True,0.003423938104273451,-0.0003295986893703001,0.006595038719370664,False,-0.018906268641677788,-0.01987910409648395,-0.01805385397183331,True,0.04097052738765591,0.039294326544226814,0.04252857604592482,True,0.0353330466379197,0.03358077530200282,0.03697522885390007,True,8.431873383940587,7.110793826569328,9.364010791704494,True,0.03986640711629878,0.03837196991308483,0.04154191963458764,True,0.0017691745544523298,-0.0017408118855058758,0.0058526406792452435,False,-0.08014942686218175,-0.084606889901604,-0.07535895931230283,True
wayne,surrogate,A_beta_0.25,1.4540962980907284,200,17347,12,6000,0.025438808879539122,0.02078954907096484,0.030774988909276015,True,0.0024750835900803157,-0.002468721382438205,0.007239227722157105,False,-0.03660338611819148,-0.03735890264345005,-0.03589357268596033,True,0.08175087371007692,0.07900700234769248,0.08488570176319019,True,0.06844431460072015,0.06595806951838404,0.07104822039731337,True,14.824458101968663,13.479249315248099,15.876930229280223,True,0.08141404055047011,0.07938326172990048,0.0831872417876503,True,0.0048900196067861,-0.00047666567615200573,0.010650555527774129,False,-0.1623710458965695,-0.17113825086108103,-0.15372146674234363,True
wayne,surrogate,surrogate_coverage75_lo,0.08812484459797208,200,17347,12,6000,0.0034841757017248336,0.0026801020880936168,0.004362423394265423,True,-0.0014770025338521815,-0.005302784355162443,0.0013744262769883888,False,-0.006065408978154247,-0.00678361136726463,-0.00536383799987184,True,0.012414685184522338,0.011262126424989197,0.013419738316990787,True,0.011409506294210472,0.01000726672533544,0.012831446959871026,True,2.4875592058726346,1.5440390626600704,3.6041199451755874,True,0.010877814292770785,0.009950732823896403,0.011727827134046565,True,-0.0004407140963249222,-0.002916260831494653,0.0018951381938530723,False,-0.023557246518305933,-0.025828530160895875,-0.02094281911027149,True
wayne,surrogate,surrogate_coverage75_hi,0.2648753015080894,200,17347,12,6000,0.005913512897129353,0.00445683120336166,0.007501941752999,True,0.0029567490397099587,-0.0002375076867793617,0.006519380105544221,False,-0.014308771102226637,-0.014994328096665326,-0.01369843888427399,True,0.030959776573281146,0.0296867169028172,0.03206526857194486,True,0.026714016116207696,0.02535801749583188,0.027861847431723943,True,6.741033575457009,5.450771287120174,7.795240240848065,True,0.029117835909355426,0.028121948923091864,0.030006519834543093,True,0.00018583511188654124,-0.0022884677222451293,0.0027135955550528106,False,-0.06018691358240297,-0.06370238826894976,-0.05645819819478096,True
philadelphia,direct,baseline_rho0,0.0,200,2921,12,6000,0.0,0.0,0.0,False,0.0,0.0,0.0,False,0.0,0.0,0.0,False,0.0,0.0,0.0,False,0.0,0.0,0.0,False,0.0,0.0,0.0,False,0.0,0.0,0.0,False,0.0,0.0,0.0,False,0.0,0.0,0.0,False
philadelphia,direct,activity,0.2668657121503905,200,2921,12,6000,-0.002469953055888229,-0.004943585568138164,-9.535504111405064e-05,True,0.014889365434532398,0.0012502302910099405,0.0270388142733973,True,-0.008884607030253028,-0.01014739529421409,-0.007509068523594692,True,0.021025080002452824,0.01857160106190082,0.023251236211088027,True,0.020807768838185102,0.01746065805858979,0.02426121330600272,True,2.8863147412213324,-1.1925144800704623,7.765669097139127,False,0.017295411696859733,0.015520265970027662,0.019196322339916357,True,0.0029454257774458575,-0.00029762836504528613,0.0071719062150914555,False,-0.026368065745432226,-0.03039647937759698,-0.022536589457510987,True
philadelphia,direct,guardrail,0.8157392010776716,200,2921,12,6000,-0.0021414305283397944,-0.005573411930717006,0.0009147899812070075,False,0.011725641840004979,-0.008735804502096912,0.025328073285776832,False,-0.02307472330922379,-0.024954269744481776,-0.020908415882386594,True,0.05797197111794068,0.055185300832963205,0.06051985321550264,True,0.05656505456168898,0.05066882337768495,0.06157335672419924,True,13.66333888329255,8.526142004712408,18.701247589423367,True,0.047051782981668434,0.04391108914847665,0.049330651951067214,True,0.007102281560173724,0.0030052201430884017,0.011682757435812149,True,-0.08037850613238678,-0.08607853778891293,-0.07460009293734451,True
philadelphia,direct,A_beta_0.25,1.682223294727388,200,2921,12,6000,0.005176190559812938,0.0004697469678006508,0.009491532516060906,True,0.004579969613653301,-0.06350812578004941,0.06473189694274294,False,-0.03944841741553491,-0.04231723703185129,-0.036677164548063336,True,0.09321294668099092,0.0881328338684326,0.09779192988931397,True,0.09842954483239102,0.09133691650652076,0.10556230618622675,True,22.800237665433425,17.49587897856282,29.149316080539503,True,0.07663419079082422,0.07336656217716604,0.07952602431328426,True,0.013938690529637667,0.00987760010591205,0.019433405407779786,True,-0.12875117399157923,-0.13740865286990805,-0.11986184231175531,True
philadelphia,direct,A_beta_0.5,10.943842845734338,200,2921,12,6000,0.03516374722581522,0.024343227736806014,0.04683742565860725,True,-0.16732135393799383,-0.41353838410611615,0.05935076259559847,False,-0.08265194417607631,-0.08939784338163717,-0.07589357560506216,True,0.18421727165531437,0.1723323177186116,0.19532487700508272,True,0.20593735359057327,0.18709370988444363,0.22242576313242965,True,45.952830791819196,37.54832775514008,53.28765147389294,True,0.15814114354039746,0.1504771246587032,0.16473025572298156,True,0.02146329078852629,0.012934100313043687,0.0313177886834671,True,-0.24681844056761437,-0.25709754656781575,-0.2334379038584252,True
philadelphia,direct,direct_common_lo,0.3872983346207417,200,2921,12,6000,-0.003435426588090814,-0.005672054526753808,-0.0010280098746027146,True,0.017639696352666073,-0.001237149974049928,0.03344726018287793,False,-0.013819351114580021,-0.01552677029299806,-0.012164140994939726,True,0.03280045974149272,0.030019397185061417,0.03484057475896646,True,0.03373242514446078,0.03099235299451792,0.036422033719352334,True,7.542813008763444,3.785678349875832,13.181121043317981,True,0.027101373574585218,0.02497413536076535,0.02876429159691134,True,0.005578567201412654,0.0028104852054628223,0.008882868241745666,True,-0.04334628224787502,-0.04690164681828733,-0.03916977903924686,True
philadelphia,direct,direct_common_hi,0.5620804515923291,200,2921,12,6000,-0.002629121582976336,-0.005892349870404762,0.00016488573884424222,False,0.020614133140417358,-0.007019083828937054,0.043274384363566384,False,-0.018475988347674385,-0.020263810067611722,-0.016805641973724493,True,0.04579492935527536,0.041924634026743096,0.04960607095200011,True,0.04510032093417321,0.040986217296785574,0.05008546149579359,True,9.100108672533649,4.224084811731306,13.95129189186855,True,0.037108628121234236,0.03478519953575435,0.03956082358382966,True,0.0056034089194305255,0.003087323552711397,0.008815503326075346,True,-0.06230972721436194,-0.06605433849836834,-0.058448385957549774,True
philadelphia,direct,direct_coverage75_lo,0.3909396965577807,200,2921,12,6000,-0.002820189068905869,-0.005026292508845215,-0.0006806371815037755,True,0.015110602008930486,-0.001116335559775383,0.027230302965179594,False,-0.012853688228638123,-0.013979033585760048,-0.01181256322391946,True,0.032033790667985486,0.030598978310420646,0.033393198598149286,True,0.03168081160073712,0.029566303858718158,0.03410839892609797,True,7.2073432065110845,3.0135632363166756,11.608415012638305,True,0.025890853941420527,0.024498577476074725,0.027338952031366808,True,0.0054355278214096615,0.0021305525938960027,0.009633499399041043,True,-0.04255903420343696,-0.0461447018180165,-0.039403332201796884,True
philadelphia,direct,direct_coverage75_hi,0.8111718071042558,200,2921,12,6000,-0.0008343455204660391,-0.003820967696521503,0.0024337272498115986,False,0.020312218033301965,-0.014354967310827707,0.05397010423852175,False,-0.025318109190119294,-0.027121222954212314,-0.023320827195522947,True,0.06007020831911495,0.056141450282910295,0.0634407760274698,True,0.06232101548721524,0.05796183583491027,0.06619508459343708,True,12.918467905211351,7.3975723765367345,19.39211009059383,True,0.04933771356127229,0.045889671403921084,0.051658159741572486,True,0.01020053075121798,0.006753298154969362,0.015350416651054874,True,-0.08177584151245117,-0.08716535191670725,-0.07533005314624296,True
philadelphia,surrogate,baseline_rho0,0.0,200,2921,12,6000,0.0,0.0,0.0,False,0.0,0.0,0.0,False,0.0,0.0,0.0,False,0.0,0.0,0.0,False,0.0,0.0,0.0,False,0.0,0.0,0.0,False,0.0,0.0,0.0,False,0.0,0.0,0.0,False,0.0,0.0,0.0,False
philadelphia,surrogate,activity,0.0873040160721099,200,2921,12,6000,0.0019653187069965435,-0.0014713392913740103,0.005042159518385077,False,0.0027480902089376093,-0.004004541867635741,0.009711385163788102,False,-0.007182339805549955,-0.009249304918878359,-0.004914515178086665,True,0.0215157642540936,0.017967268559555948,0.024615620185690062,True,0.01717732787346721,0.011377313681355078,0.021901303988690425,True,6.852001658335505,2.381918731674151,11.553675993615379,True,0.015655159955098905,0.012350466279304752,0.01852365541305175,True,0.001127831678885982,-0.0033517452315535087,0.0049728464650348365,False,-0.027436793844883622,-0.0306221370149147,-0.02445040359905039,True
philadelphia,surrogate,guardrail,0.2668657121503905,200,2921,12,6000,0.004138459374740952,-0.0010113901157160043,0.009989950989419506,False,0.005013302018376373,-0.004301087982175586,0.0162417394290838,False,-0.014573018954420248,-0.016720655475788642,-0.011652295722654353,True,0.049900783367685886,0.045784145870876945,0.054035539957678944,True,0.03263015029585888,0.02619084415528007,0.03769619758796862,True,13.74936585886936,9.710214581754151,19.20976801761068,True,0.039124742783524874,0.03487428143194638,0.04223335556160013,True,-0.0057343755553746975,-0.011657910863302368,-0.0006155511297915458,True,-0.07007484397626226,-0.07699624174032416,-0.06238080831658974,True
philadelphia,surrogate,A_beta_0.25,0.8510216356751962,200,2921,12,6000,0.016181123450858433,0.006832315860139079,0.02790261158963021,True,-0.007028301074552654,-0.02673143753948876,0.009870756225130617,False,-0.022607816425155546,-0.026554047513045666,-0.018541407485014844,True,0.08933205848674146,0.08343373450348482,0.09665970773731543,True,0.04805508278822634,0.041180425088458886,0.053480825077845476,True,21.681010586368558,16.671378604792793,27.594936267917756,True,0.06889215534258807,0.06255142095237959,0.0745236064184841,True,-0.017451317464922,-0.025445499167166468,-0.009021670411207933,True,-0.1300339429085844,-0.143011249193402,-0.11601475866267894,True
philadelphia,surrogate,A_beta_0.5,21.1737608329182,200,2921,12,6000,0.0951622854436432,0.07489658606341312,0.12266124986801594,True,-0.019688796061346308,-0.03482323968175397,-0.005575943424672262,True,-0.04138437182532667,-0.04739079952509084,-0.03653164029799804,True,0.1892867546406194,0.17818541256357018,0.2048998351083188,True,0.08121284754795942,0.0683840409776824,0.09257025916204416,True,45.25409653228493,37.67908019734608,51.45219192439699,True,0.14878918999146357,0.13929999981038585,0.15758309307110518,True,-0.04179403135299577,-0.056316284376848144,-0.027047161322187502,True,-0.25956186195825537,-0.2771397099434585,-0.235179484691733,True
philadelphia,surrogate,surrogate_coverage75_lo,0.08812484459797208,200,2921,12,6000,0.0019806414653677907,-0.00023039051181075743,0.004436723385315462,False,0.010129403110099801,-0.0009663073662670549,0.020198493711450872,False,-0.0062189221036727926,-0.00786902028414283,-0.004544025088596231,True,0.018349778169034648,0.014503946963472658,0.02168370848814327,True,0.014588618467484058,0.010072602277232981,0.01822029685879029,True,4.616001711190821,0.5080156933098458,8.816571020438472,True,0.013795724907870652,0.011362077353853018,0.015846628570929513,True,0.0003835119020404015,-0.0035083060557563974,0.003160622898699284,False,-0.023855513149741964,-0.028105722245346194,-0.01987559645245087,True
philadelphia,surrogate,surrogate_coverage75_hi,0.2648753015080894,200,2921,12,6000,0.005516889800044906,0.0008552399648714279,0.012313975661607463,True,0.0059849998327585995,-0.0002699492402977148,0.012880928856083407,False,-0.0134166032725109,-0.01606079814524635,-0.01031557273766221,True,0.04663501504845903,0.042178294140024886,0.050539645458354425,True,0.03028707353317418,0.02411908945724143,0.0353361000323447,True,12.787963055348973,7.7825230773940195,17.437342456111214,True,0.03560167255828347,0.03147211064510418,0.038967647825214106,True,-0.004689255039608179,-0.010488716935274419,0.0004304867829762241,False,-0.064527333205099,-0.07085203589876304,-0.05740064705711559,True
st_louis_county,direct,baseline_rho0,0.0,200,13719,12,6000,0.0,0.0,0.0,False,0.0,0.0,0.0,False,0.0,0.0,0.0,False,0.0,0.0,0.0,False,0.0,0.0,0.0,False,0.0,0.0,0.0,False,0.0,0.0,0.0,False,0.0,0.0,0.0,False,0.0,0.0,0.0,False
st_louis_county,direct,activity,0.2668657121503905,200,13719,12,6000,0.0005205171922181924,-0.00032436637539947835,0.0013114536926535098,False,0.004553988842089372,0.001459359017843734,0.008220029941523514,True,-0.00736175436725817,-0.008230146656623989,-0.0063407532698750765,True,0.00979386218245107,0.008961219798557619,0.010836774736562216,True,0.009103618319255982,0.007833692196995815,0.010108959617270378,True,3.350024954889239,2.0252880025243023,4.928695354335446,True,0.009660964912114354,0.009031626601225478,0.010181451225157422,True,0.001135185323440969,-0.0006407201985338082,0.0031550140926233914,False,-0.0244953134653338,-0.02794765325568489,-0.021214114604525113,True
st_louis_county,direct,guardrail,23.298448422672752,200,13719,12,6000,0.013066138083823176,0.010242387175050964,0.01606475904993172,True,-0.0003167926590853526,-0.01029994409253269,0.0073419681203341115,False,-0.07528992397622152,-0.07688199021251452,-0.07329103356664285,True,0.08770596041048098,0.08558798077138985,0.09001780402342822,True,0.09643503150217014,0.09413373803135199,0.09863728772253279,True,33.7518902424836,31.801624525889693,35.72018321275317,True,0.09891725108170267,0.09719111697604667,0.1010580929062325,True,0.012490191013653477,0.008565730057707915,0.01614425599039313,True,-0.1535591893326486,-0.17053771418904812,-0.13301832076679018,True
st_louis_county,direct,A_beta_0.25,2.2095594288809,200,13719,12,6000,0.0044341847684070445,0.002992499618957823,0.005960512465007496,True,0.015471137833389598,0.009430280560334662,0.019634054148106376,True,-0.040593942298891045,-0.04236425009739968,-0.03853393495206512,True,0.04795084998726641,0.04685657164160088,0.049212453352767804,True,0.05155518324037125,0.04968663092340247,0.05389710168992941,True,17.3082322955058,15.655203854352118,18.79480234271073,True,0.052695409178123986,0.051543693566224145,0.05383189619713938,True,0.009639301886054353,0.007183164213885262,0.012565442119389458,True,-0.10790606413483134,-0.11395297806104847,-0.10169193554897887,True
st_louis_county,direct,A_beta_0.5,104.27982456568364,200,13719,12,6000,0.023102085151671198,0.020158709065929446,0.026178134528316556,True,-0.015671429613276215,-0.0246144196135899,-0.006293236629607258,True,-0.08108215671151225,-0.0836074155078187,-0.07874597120675539,True,0.09700368249550965,0.09490331433369364,0.09939872445257392,True,0.10299192954039807,0.09868011795678681,0.10764455576553196,True,35.763014665914774,34.05589956017576,37.68706998024629,True,0.10710076949971928,0.10431597973052692,0.11020168511127673,True,0.0037701777548715338,-0.0019436158001582562,0.008762607880685641,False,-0.164940511452986,-0.18680992442702188,-0.14216979958994522,True
st_louis_county,direct,direct_common_lo,0.3872983346207417,200,13719,12,6000,-0.0002015009996803882,-0.0011599664569702955,0.0007458925127481937,False,0.007540002819135249,0.004345425443832524,0.010591795806834349,True,-0.011129266987725796,-0.012104424094804517,-0.010248396573607316,True,0.014023905798868865,0.012725001071299364,0.015604177019793084,True,0.013913908304312156,0.012684292045542759,0.015292755772934579,True,5.305091611076332,4.180227036763222,6.265360145831532,True,0.013957304367315413,0.013424613797703072,0.0144756410691572,True,0.0017918544930854699,-1.9054651377951134e-05,0.0038258704916535454,False,-0.032292635702973464,-0.03536221266675047,-0.0289140239232925,True
st_louis_county,direct,direct_common_hi,0.5620804515923291,200,13719,12,6000,0.0002632058464702687,-0.0007991625505888729,0.0014650607368440784,False,0.011140440183321703,0.008083992009519963,0.013690685838813282,True,-0.016863305410892728,-0.01800461365182532,-0.015785999206436564,True,0.01866186944276489,0.017856057052077785,0.01952340709533009,True,0.021789143041478366,0.020396493820808586,0.023248501754418515,True,6.180658212758435,4.680833570132683,7.551992765357599,True,0.019944887553102076,0.019292704294018338,0.02060541566812122,True,0.005323343737577639,0.0030721710301570802,0.007510407668589852,True,-0.043225373791143225,-0.04598004120753669,-0.040079872185719345,True
st_louis_county,direct,direct_coverage75_lo,0.3909396965577807,200,13719,12,6000,-0.0008874283007964004,-0.0018427134431602723,7.69266369982677e-05,False,0.00975654597650935,0.007166858950372218,0.012406433296564066,True,-0.013157170084076434,-0.013881192780946405,-0.012491408616605726,True,0.015500309564304083,0.014888459842561078,0.01625131891070691,True,0.01615305520199795,0.015140900967145756,0.01706546508408082,True,5.608807057097493,4.192953464042987,6.9175698005065955,True,0.016695693244905697,0.016090764141126077,0.017226479759156248,True,0.0014579638167724928,-0.0003277351872536027,0.003200808348989259,False,-0.03804980685187999,-0.0414795372264518,-0.034347098046293836,True
st_louis_county,direct,direct_coverage75_hi,0.8111718071042558,200,13719,12,6000,0.0017872007215931828,0.0003994663054694335,0.003158218469875285,True,0.011782049808467455,0.007998665441937955,0.015440952767835685,True,-0.020671681692081178,-0.02183429675286224,-0.01969719117448978,True,0.02625642444392196,0.024902224664774222,0.027837321320520546,True,0.025825878210280165,0.02452669022939076,0.027216919265347653,True,10.193119692910145,8.851497466858019,11.566123241298193,True,0.02781041080478662,0.02727654221140808,0.02836261904547205,True,0.0034111733929649206,0.0014643084785921614,0.005159346337640006,True,-0.06277910230854129,-0.06694321969709506,-0.05848974279783848,True
st_louis_county,surrogate,baseline_rho0,0.0,200,13719,12,6000,0.0,0.0,0.0,False,0.0,0.0,0.0,False,0.0,0.0,0.0,False,0.0,0.0,0.0,False,0.0,0.0,0.0,False,0.0,0.0,0.0,False,0.0,0.0,0.0,False,0.0,0.0,0.0,False,0.0,0.0,0.0,False
st_louis_county,surrogate,activity,0.0873040160721099,200,13719,12,6000,0.0020897400505861257,0.001409529836074975,0.003064291343332596,True,0.00024556109096604995,-0.007341446400073664,0.005726824443261825,False,-0.009417904759809468,-0.011248769618174453,-0.007427326164334456,True,0.012453788654810864,0.010801589867501434,0.01395871314577891,True,0.01211362799014795,0.010073292735105521,0.014077859725791142,True,2.9592949555346406,1.420734337014199,4.2800818167683214,True,0.012095660315712894,0.01043633744300845,0.013488701408801703,True,0.001329048674260143,-0.0009392152331370692,0.0035516243200587154,False,-0.02785316441539817,-0.032384767453559185,-0.023487143111486638,True
st_louis_county,surrogate,guardrail,0.3872983346207417,200,13719,12,6000,0.013944581008566301,0.011678216136566142,0.015975647790201955,True,-0.008652105504289664,-0.022161734767977895,0.0014911507587069724,False,-0.017612552800793043,-0.020068493605367915,-0.014535083289648476,True,0.02762574649085256,0.024815159620398607,0.03071942874273295,True,0.02148127916383812,0.01838476927012084,0.024397535495069678,True,6.601674603822499,4.94626539362538,7.913182110585714,True,0.026283229601236618,0.023914694993363805,0.028206853301802674,True,0.002933791776872796,-0.000897747366136636,0.007005257182982966,False,-0.06290548530550136,-0.06857735580967415,-0.055720674816811144,True
st_louis_county,surrogate,A_beta_0.25,0.7806083208363971,200,13719,12,6000,0.02421314011139069,0.021566010782746815,0.026842769951855586,True,-0.006895015529896955,-0.020985142922211018,0.0035353288329397522,False,-0.029413286874448216,-0.03209834907029974,-0.026008315491174588,True,0.04684790226650412,0.0438264526289742,0.050130665669751925,True,0.03537761393751498,0.031053338840334434,0.03829175357914436,True,11.582277105182136,9.86339782666546,13.167845109894884,True,0.04614599632700756,0.04359048597845132,0.0481939486967845,True,0.006355874957892817,0.001281883088343865,0.011176025650040267,True,-0.1004435979427899,-0.10953570401951043,-0.09190465038976385,True
st_louis_county,surrogate,A_beta_0.5,9.0756482681946,200,13719,12,6000,0.05673930633391598,0.05205477465504873,0.06142829463774413,True,-0.009883893622530667,-0.02463066793797925,0.002452221880396345,False,-0.04968969368189183,-0.05353337744337764,-0.04517579329621354,True,0.08797620476761693,0.08326334608941414,0.09257521055699902,True,0.05605231026103877,0.04957669376373714,0.06098220226670192,True,14.618909602914082,12.68880489641022,16.633483646956336,True,0.08764444148493684,0.08268802824476412,0.0913716410776165,True,0.03110196356486187,0.02177581891454725,0.040458419920794714,True,-0.13769005339324322,-0.15703497814511225,-0.11523957010394201,True
st_louis_county,surrogate,surrogate_coverage75_lo,0.08812484459797208,200,13719,12,6000,0.002576568095824032,0.002003008895735803,0.0033858030747554056,True,-0.0004011061128508009,-0.007913203026201517,0.0056495083649452825,False,-0.009642678886172033,-0.011407645449645887,-0.007994116416240576,True,0.01255616040082193,0.010294426372054561,0.014838059197166157,True,0.012689711031991933,0.010958936687615852,0.01475787988327704,True,2.616720782012276,1.2283430290755275,3.843984939175476,True,0.011829389524705382,0.010159267742287433,0.013252790391782735,True,0.002805926773811067,0.0004982402942894166,0.005237024576360986,True,-0.027457146989673525,-0.032307575086122246,-0.02299193805075022,True
st_louis_county,surrogate,surrogate_coverage75_hi,0.2648753015080894,200,13719,12,6000,0.010062067813737939,0.007978802728305433,0.011783296252447832,True,-0.00309340705378469,-0.01695074549117746,0.006246780844969005,False,-0.018922551387825705,-0.022061285718877437,-0.015811042894237536,True,0.02788535540492759,0.023968305340386263,0.032961990139977373,True,0.024512236516730714,0.02133908221084193,0.027931275200363623,True,6.463856842856209,4.955675389600405,8.08169673039688,True,0.026315174949911525,0.024289765345866125,0.028660235625711957,True,0.0071144165794224026,0.003528082106739959,0.010567765564424545,True,-0.059496083266072926,-0.06578795517669223,-0.053132640086933094,True
allegheny,direct,baseline_rho0,0.0,200,12113,12,6000,0.0,0.0,0.0,False,0.0,0.0,0.0,False,0.0,0.0,0.0,False,0.0,0.0,0.0,False,0.0,0.0,0.0,False,0.0,0.0,0.0,False,0.0,0.0,0.0,False,0.0,0.0,0.0,False,0.0,0.0,0.0,False
allegheny,direct,activity,0.2668657121503905,200,12113,12,6000,0.0014026584566545308,0.0004603265406965325,0.0023366233088672325,True,0.0009468038853198835,-0.0029503837992048616,0.0038678190252300136,False,-0.010154241827928406,-0.011028148498576173,-0.009161996298540382,True,0.01841677879685988,0.01712457466500625,0.019660350343894205,True,0.019164345372139194,0.017532591070984857,0.020468822427772287,True,4.953007839016911,3.435745542145615,6.433972135078788,True,0.016243473019219547,0.01493519182894737,0.017571318291832852,True,0.0057277388007758254,0.003917417869628228,0.007583406039852851,True,-0.027868995986649256,-0.030207476195894485,-0.02519502940627226,True
allegheny,direct,guardrail,23.298448422672752,200,12113,12,6000,0.04002306343578977,0.03763140733220845,0.042806374567180804,True,-0.13310552682613733,-0.18466655907834081,-0.08437697425753972,True,-0.09066404976574759,-0.09641645530551914,-0.08370252213387078,True,0.15634918639245698,0.15130247406562924,0.16437634192673287,True,0.17160307359493154,0.16605517762876906,0.17633525490119295,True,47.45928260532764,43.995350450392486,50.03653371233635,True,0.1525544311730744,0.14707698298025482,0.15753978010553146,True,0.030665776027376808,0.02391553587618808,0.038522890751809584,True,-0.19647512940058737,-0.21246793548783147,-0.17853162212511772,True
allegheny,direct,A_beta_0.25,1.5387929691204567,200,12113,12,6000,0.007583828631737963,0.005648239042726454,0.009592349411746333,True,-0.006703999872510224,-0.0244633748532514,0.006644833586859631,False,-0.039613559896461176,-0.042102557723306636,-0.03676347171636063,True,0.06984173602672641,0.0671905238143169,0.0730308367699164,True,0.07467459663106421,0.0724379812575856,0.0767355517532518,True,21.183338345885474,19.296228651988763,22.841949358439653,True,0.06584036589307132,0.06421330845729534,0.06767006060774125,True,0.019210839671814944,0.016151449193334673,0.022327388182747467,True,-0.10595837825472106,-0.11107951044086128,-0.10105783988392712,True
allegheny,direct,A_beta_0.5,10.901527538039346,200,12113,12,6000,0.031000818526886034,0.0284425993111147,0.03319699334866111,True,-0.09583231862161046,-0.13544824664044475,-0.056803952116753105,True,-0.08225263418873839,-0.088022477169766,-0.07565177329364191,True,0.14099466646422423,0.13689367732120644,0.1459983181673338,True,0.15595887038344144,0.1517048520340756,0.16024285701035718,True,42.61926426879921,39.95732655351086,45.06666299256368,True,0.13746297181774905,0.1330638413680594,0.14162730816303604,True,0.03327064187447233,0.027264415440321228,0.03997345560862963,True,-0.18308226707385142,-0.1957776993066664,-0.16861964220731393,True
allegheny,direct,direct_common_lo,0.3872983346207417,200,12113,12,6000,0.0013935533693549018,0.00037384686923801273,0.002400068210025247,True,0.002677869466717468,-0.0011832376858581875,0.005222263068725743,False,-0.01342420883854862,-0.014909380059876265,-0.011941930487059948,True,0.024472095233705256,0.02313414274001525,0.0256290420202294,True,0.025386350263388015,0.023827376872214364,0.02698042613655805,True,7.018822389343347,5.241577940209607,9.006526977123256,True,0.022239840801896216,0.020633973805769503,0.023822021259628352,True,0.008308232779137347,0.006461328352346523,0.01014393039460508,True,-0.03713969605623012,-0.04025209474249829,-0.03372223469027893,True
allegheny,direct,direct_common_hi,0.5620804515923291,200,12113,12,6000,0.002924572097913162,0.0013673861892081883,0.004550889601444277,True,0.002422484248995359,-0.0041953188926682735,0.006856224476429965,False,-0.018262489304872797,-0.019888823113986966,-0.016782994125826928,True,0.033180004128833214,0.031185577317063517,0.03489035016604316,True,0.035178525290556206,0.033506279970660996,0.03703333902698202,True,9.811045074936192,7.447344407443279,12.195565445434092,True,0.029990405346329317,0.028126458150297243,0.032008502920077175,True,0.012888577771357377,0.010770581067911645,0.01569195509954238,True,-0.05064846037337992,-0.054750189139589435,-0.047086985862288544,True
allegheny,direct,direct_coverage75_lo,0.3909396965577807,200,12113,12,6000,0.0018017650725571676,0.0011325185008813168,0.0025466574617905463,True,0.0038198373492888743,-0.0036277098325688873,0.010537135842918724,False,-0.01385337485690168,-0.015279805360949023,-0.012380199670309322,True,0.025713324734465887,0.023686052002335138,0.027360000163914502,True,0.026032199445124936,0.0246291463246808,0.027302720747284646,True,6.838143204945345,5.275755367027653,8.661888317969458,True,0.02292047072996759,0.02130653352912834,0.024451307582107635,True,0.007239163052380144,0.0054219419218321,0.009398257733576415,True,-0.03894431487525522,-0.041851730312467694,-0.035505901344151415,True
allegheny,direct,direct_coverage75_hi,0.8111718071042558,200,12113,12,6000,0.004031410757477446,0.003001597308277375,0.005215682834842703,True,0.0016970515822521375,-0.009061543077731701,0.011286030197122423,False,-0.02514961852468267,-0.02640627639269391,-0.02344432041914537,True,0.045694433954016685,0.04282068333516343,0.04867578687898095,True,0.04762394289060481,0.04625414593096442,0.04886823297948067,True,12.629279918058483,10.163402230910982,14.866649379976971,True,0.041309139628515276,0.039438625931044365,0.043202972100179225,True,0.013723765256535911,0.011326077512116776,0.01653309890572371,True,-0.06771005151738789,-0.07183833186007688,-0.06347298828680399,True
allegheny,surrogate,baseline_rho0,0.0,200,12113,12,6000,0.0,0.0,0.0,False,0.0,0.0,0.0,False,0.0,0.0,0.0,False,0.0,0.0,0.0,False,0.0,0.0,0.0,False,0.0,0.0,0.0,False,0.0,0.0,0.0,False,0.0,0.0,0.0,False,0.0,0.0,0.0,False
allegheny,surrogate,activity,0.1267030513510693,200,12113,12,6000,0.00445320383095974,0.0028462043843773127,0.006224720551280106,True,0.0012244289653490603,-0.012276034034887246,0.009085323452843035,False,-0.014562722992896475,-0.01594664226865985,-0.013255656625001628,True,0.03265666919290051,0.029049141201203256,0.03783919757564409,True,0.025794715326209017,0.02304812636293149,0.029155902265779927,True,6.792895976250263,4.453461383663013,8.834856751481365,True,0.026834292972936123,0.024780563964307525,0.028973322008660426,True,0.0024219941566236787,-0.00021736094304453934,0.004865902412023176,False,-0.04628915557670397,-0.050847522798261706,-0.042666951905065253,True
allegheny,surrogate,guardrail,0.5620804515923291,200,12113,12,6000,0.021153995789674633,0.01622944748409346,0.026464856648204325,True,-0.010208573902809756,-0.046796239316201596,0.00945333979684787,False,-0.03294477722455825,-0.0347443305425962,-0.03145451312988959,True,0.07784731910194836,0.07028859451424468,0.0896437034794631,True,0.05821298246375679,0.05441984105433814,0.06260035652602917,True,16.041987442179497,13.620555730983124,18.43027295720637,True,0.06557348776789891,0.06266513140693498,0.06834006223832972,True,0.004507290552289434,-0.0005357558944189419,0.009528090308887592,False,-0.11449793131332889,-0.11985544294427264,-0.10903705282587312,True
allegheny,surrogate,A_beta_0.25,0.9061823581597196,200,12113,12,6000,0.032815268138095564,0.026478144681480947,0.04049934914646395,True,-0.025099950394969525,-0.10250612238265899,0.010644560909221378,False,-0.04167939828459473,-0.04363162656093466,-0.039936904370656424,True,0.09896955529047168,0.08890634403874548,0.11586422661034965,True,0.07299062786027291,0.06802182282604437,0.07863697567747588,True,19.452000752599997,16.897343821864126,21.81071446169938,True,0.0842819999437281,0.08061841506406899,0.08789048576253172,True,0.004025982927394237,-0.0017441406190054172,0.009379375917754328,False,-0.14305052023063275,-0.15022005217281528,-0.1344254920529328,True
allegheny,surrogate,A_beta_0.5,7.358361605270623,200,12113,12,6000,0.11004008876532254,0.0953188506245726,0.12731964618295796,True,-0.07326907541788667,-0.2422870649829055,-0.0036435057542784422,True,-0.0737491900716186,-0.07623459723132707,-0.07120358257183529,True,0.17056621888583948,0.15576427201366422,0.19659060131274828,True,0.13265900006524184,0.12523253968951462,0.1414839095254986,True,30.441933234887284,28.353657495119716,32.63514405282634,True,0.1536964568392086,0.14751713250233106,0.16064929046434562,True,0.02575729363048353,0.014369507973253117,0.03581312613261956,True,-0.19650765258305575,-0.2165359142574048,-0.17603810435856365,True
allegheny,surrogate,surrogate_coverage75_lo,0.08812484459797208,200,12113,12,6000,0.003171464377006397,0.0018161446065031,0.004934051359486591,True,-0.00033906090324382687,-0.012342745597148782,0.007381029796601754,False,-0.010848093185430355,-0.012456190161261071,-0.009054498395436383,True,0.024176089308416256,0.0207033984362576,0.028245080614337403,True,0.01970160802999981,0.016225774480353124,0.02335558547654873,True,5.3287985455032505,2.471994193447996,7.547588986818077,True,0.019321970350955717,0.017373411649899608,0.02125137458439961,True,0.0032230985914784792,6.409316099227635e-05,0.006329627418117852,True,-0.03307529184817442,-0.03680260970919206,-0.028764747349438995,True
allegheny,surrogate,surrogate_coverage75_hi,0.2648753015080894,200,12113,12,6000,0.010255910880463046,0.007425965364005039,0.013533383220327908,True,-0.00025468422750911824,-0.01579463976824346,0.012247157553557559,False,-0.02202638282729111,-0.02353168588955481,-0.020590167622796852,True,0.05079060856325622,0.046371298082294614,0.05667520335300552,True,0.0393176850590333,0.03562155092816972,0.0435278655877744,True,10.360070216440649,8.738834920066653,12.069245392346685,True,0.04272580932657446,0.040096421349410306,0.04530133027942193,True,0.004646101178503746,0.0016503049525352865,0.00822353737658197,True,-0.0758434416596526,-0.07945185066270408,-0.07225680642468076,True
maricopa,direct,baseline_rho0,0.0,200,47512,12,6000,0.0,0.0,0.0,False,0.0,0.0,0.0,False,0.0,0.0,0.0,False,0.0,0.0,0.0,False,0.0,0.0,0.0,False,0.0,0.0,0.0,False,0.0,0.0,0.0,False,0.0,0.0,0.0,False,0.0,0.0,0.0,False
maricopa,direct,activity,0.2668657121503905,200,47512,12,6000,0.00036107658083920166,-1.1517883752867883e-05,0.000809701194268294,False,0.001306251809615574,-0.00041717421973422314,0.003097814628172319,False,-0.0042099934582012985,-0.004533095340567406,-0.003816070054709858,True,0.006982277781555317,0.005947301362697446,0.007893704431446932,True,0.009393488693741937,0.008594654456049369,0.010071823191174825,True,1.8803501723815037,1.2971883858878495,2.4517517582259867,True,0.007880251392778068,0.007297798434631195,0.008425971020036685,True,0.003368497324475225,0.0008589349491603025,0.006655358032399324,True,-0.021399295366104885,-0.023997471050664916,-0.01885193138722996,True
maricopa,direct,guardrail,0.8157392010776716,200,47512,12,6000,0.001483638538811139,0.0009167171484539265,0.0022391792328361523,True,0.0033652784180582345,0.0014943822938187246,0.004886881348624062,True,-0.010408626123510584,-0.010887039839036706,-0.009804729297041287,True,0.01808319806343514,0.017347157520254102,0.018966125911668002,True,0.023252793932330675,0.022077642769616955,0.02440779705104618,True,4.564261892427687,4.060551898455138,5.072401249209948,True,0.019954122548582365,0.019143450605587392,0.020789864919421433,True,0.00756883466650907,0.002595015353030748,0.01246215222858657,True,-0.05505001448683325,-0.05895997963529097,-0.05145349112217939,True
maricopa,direct,A_beta_0.25,1.573918650009398,200,47512,12,6000,0.002865437624115201,0.0017155566648482516,0.004155597795360468,True,0.004691494268519444,0.0007059549721385925,0.007657263053647571,True,-0.016486563283779856,-0.01723837821655109,-0.015613209468674921,True,0.028695746639573257,0.02780117425055852,0.029576885557367184,True,0.03657885957724528,0.03520023520956021,0.0378796450990798,True,7.016349022887616,6.452625820144497,7.627641696181812,True,0.030898699090936975,0.02997579235599919,0.03205176796501128,True,0.01038485015072633,0.005038483969965641,0.016662058725154985,True,-0.08288599487606567,-0.08817595381217887,-0.07745494962900021,True
maricopa,direct,A_beta_0.5,31.50085327472462,200,47512,12,6000,0.013431738856002944,0.01112485700328818,0.0160111729113713,True,-0.006188783466971749,-0.023736844331217925,0.007781282894491208,False,-0.03613762447698845,-0.03745392478947955,-0.035109850274528294,True,0.062468317912904345,0.06043585624478412,0.06473504178958606,True,0.0802436524493068,0.07767163831789173,0.0824440600391232,True,14.69257605691646,13.830640796094539,15.434330222891436,True,0.06605384821202838,0.06483390920251955,0.06712900644575526,True,0.01883281107416794,0.00738765525855744,0.03291754167262634,True,-0.15138605564033553,-0.16375352597037596,-0.13616703309045816,True
maricopa,direct,direct_common_lo,0.3872983346207417,200,47512,12,6000,0.0008248958752916116,0.00038354856882885576,0.0012932527759250774,True,0.0010517864362969537,-0.0005335985541628757,0.002477574551034939,False,-0.005950584612236607,-0.006312023071563344,-0.005507941662793147,True,0.010080544528456924,0.009166445799384151,0.010880995767736972,True,0.013220368321097515,0.012480560343574781,0.013850450273380758,True,2.4403780240714266,1.948103450290849,2.930837418703349,True,0.011088050766898611,0.010542365944357512,0.011574887885243829,True,0.00421623095754437,0.0013317574713803818,0.0073150643017165975,True,-0.030809865127219754,-0.034088946038355335,-0.027636714272085933,True
maricopa,direct,direct_common_hi,0.5620804515923291,200,47512,12,6000,0.0006024571415309975,5.753033428405607e-05,0.0011471020353748525,True,0.00357576170688563,0.0017549484609960698,0.004893382664418375,True,-0.007977187580400539,-0.008410502408984121,-0.007478482618075699,True,0.013825352310962937,0.01319524789288025,0.014405067744851466,True,0.017780672079075088,0.016602930463937442,0.018746639944628045,True,3.6780415681963916,3.2287511278709764,4.176015166197997,True,0.015410573072549137,0.01466753767768059,0.016064382910850845,True,0.005422315060030191,0.0021022239338575224,0.008804380099467097,True,-0.04299098081854256,-0.0468202823719679,-0.04001266074247964,True
maricopa,direct,direct_coverage75_lo,0.3909396965577807,200,47512,12,6000,0.0005836488925318492,0.00012688078864221965,0.0009760233601647961,True,0.0019027356629348845,-0.00020633668073569145,0.004230858682639844,False,-0.006370593360414335,-0.006730885543744475,-0.006005185980737682,True,0.010228000647936754,0.008823834568703207,0.011183817972933706,True,0.014021733459518888,0.013303487685653911,0.014747816566381994,True,2.8157329328901723,2.2675769351198327,3.2475214571475104,True,0.011754547882930897,0.011239124492254747,0.012316425759778442,True,0.00371984059919258,9.052859400445032e-05,0.00684948576106142,True,-0.032068025673351076,-0.03499339824534438,-0.028915537706565856,True
maricopa,direct,direct_coverage75_hi,0.8111718071042558,200,47512,12,6000,0.0013678981790828098,0.0007561759502717417,0.0020383097099080415,True,0.003629315241768351,0.0016387346383530761,0.005220963776945379,True,-0.010468879231053703,-0.010867949893147433,-0.010036200880586293,True,0.018531525295566873,0.017751401123440633,0.01929019722730803,True,0.02339013670667664,0.02220791120095742,0.024347275365764982,True,4.64733869609244,4.194859321895763,4.99449988119689,True,0.020164304387766993,0.01938623257438597,0.02083037191109459,True,0.0068058893682857845,0.0032971150842245364,0.011672945158058756,True,-0.05581064579241012,-0.0591682557784137,-0.052268723577060416,True
maricopa,surrogate,baseline_rho0,0.0,200,47512,12,6000,0.0,0.0,0.0,False,0.0,0.0,0.0,False,0.0,0.0,0.0,False,0.0,0.0,0.0,False,0.0,0.0,0.0,False,0.0,0.0,0.0,False,0.0,0.0,0.0,False,0.0,0.0,0.0,False,0.0,0.0,0.0,False
maricopa,surrogate,activity,0.0873040160721099,200,47512,12,6000,0.0011151428512798272,-4.879566787742983e-05,0.0023111192298432893,False,0.009137302936759916,0.00259783946649203,0.01592056041955086,True,-0.007640408323366596,-0.00882297880822952,-0.006506810698224518,True,0.012745730348533022,0.011553555663530526,0.014045618683055155,True,0.01652254084937012,0.014541310715338967,0.018352219544702217,True,2.6782082230453024,2.042050922733071,3.263997552386287,True,0.014510913052866677,0.012874995482796208,0.016268120946565403,True,0.0004936822775912902,-0.00619302361175643,0.00639992592154653,False,-0.03566720481595085,-0.04029539054098633,-0.030785908768987718,True
maricopa,surrogate,guardrail,0.2668657121503905,200,47512,12,6000,0.0024942854762689723,0.0008481216340215418,0.004232212498031001,True,0.010428292331909134,0.0015948345851422437,0.019849633539345535,True,-0.011453021380745203,-0.012371735660004435,-0.010570358870128416,True,0.0209941227444281,0.019723312728233827,0.022212259253952784,True,0.024974573660505612,0.02302746550402224,0.026993136533654784,True,5.096397528066763,4.442196460716369,5.826204099193379,True,0.023357326551494317,0.021847747798161097,0.024860279033694758,True,0.000457262171971837,-0.00991024649904584,0.009822083338331367,False,-0.058935028412076554,-0.06626482332861312,-0.052897753362797485,True
maricopa,surrogate,A_beta_0.25,0.7886501202074718,200,47512,12,6000,0.007898260198488391,0.006174055346510036,0.00980157209312162,True,0.004348010809160158,-0.002427569940430177,0.009594763890962522,False,-0.014881443052870178,-0.015889746014499447,-0.013815921514784219,True,0.032234927309202605,0.030636081436289812,0.03393538009786159,True,0.032732772856626395,0.03015577395370602,0.03501902101564387,True,9.175855759626456,8.50234392274121,9.890148979209515,True,0.03419553896689074,0.03197591461549446,0.036191458996709815,True,-0.006106615896300493,-0.016492589408818318,0.0031493412097590265,False,-0.0979089782564434,-0.10645938639031624,-0.08827674027041646,True
maricopa,surrogate,A_beta_0.5,7.395114477709864,200,47512,12,6000,0.033767033540628294,0.0306530317733334,0.03670874825648696,True,-0.00048646810466068224,-0.005693856889139251,0.003567428737470636,False,-0.022738454266922073,-0.023630195992880226,-0.021645460043418555,True,0.06596873384411778,0.06397912678923788,0.06798922948040045,True,0.05233703384102605,0.049047561189527904,0.05507220955504403,True,20.355624696363858,19.45900178119129,21.262930283942037,True,0.0684990439938845,0.06616889120129893,0.07080148810791335,True,-0.013185283199802824,-0.03021410469306766,0.004756367785429064,False,-0.19599863237618148,-0.20995149820013617,-0.18049984483101278,True
maricopa,surrogate,surrogate_coverage75_lo,0.08812484459797208,200,47512,12,6000,0.0011946572223348884,0.00018153956919406619,0.002245853374401821,True,0.009568644264067989,0.0018896458154121,0.01790807685593837,True,-0.007736481733124252,-0.008804110823611249,-0.006811865247102094,True,0.012502599025397756,0.011175798979928497,0.013616724242971223,True,0.01668556029112265,0.014984961610157669,0.018410324345173534,True,3.2105910044873722,2.7003387520744186,3.741393729994189,True,0.014627431700069318,0.013257830018615606,0.016173766120609064,True,0.0005375044524654037,-0.010618187197855504,0.007101845968372133,False,-0.035036363445367896,-0.03966856176239476,-0.029898011717553873,True
maricopa,surrogate,surrogate_coverage75_hi,0.2648753015080894,200,47512,12,6000,0.00236091393130687,0.000780040304393001,0.003933696034774933,True,0.00936108498313017,0.002172343548959216,0.017450973512148676,True,-0.010918503799232275,-0.011929073565428766,-0.010004310784551352,True,0.020716842432570992,0.019570048348537022,0.022017372489674815,True,0.024067568319652618,0.02210848935436626,0.026342962828054678,True,5.135799722865451,4.43341308731514,5.759081811949951,True,0.022604220172907242,0.020885136377054095,0.024277592268089197,True,0.002092147062820836,-0.00662934052926814,0.011039696313328294,False,-0.057123038912849415,-0.06256696795727308,-0.05047883710319295,True
king,direct,baseline_rho0,0.0,200,17812,12,6000,0.0,0.0,0.0,False,0.0,0.0,0.0,False,0.0,0.0,0.0,False,0.0,0.0,0.0,False,0.0,0.0,0.0,False,0.0,0.0,0.0,False,0.0,0.0,0.0,False,0.0,0.0,0.0,False,0.0,0.0,0.0,False
king,direct,activity,0.1838822993940162,200,17812,12,6000,0.0006029119978369917,-0.0002443087823703948,0.001284432648404125,False,-0.0007180839643169689,-0.007228916427873408,0.007351442986058862,False,-0.0039595818569138205,-0.004741925994518825,-0.0032492706439090856,True,0.008821555669316462,0.007524984204477974,0.01010036679279489,True,0.011032992296462742,0.009447034823495449,0.01265860214269386,True,1.9425001953290484,1.2135475996849039,2.782940196902901,True,0.009459544177149863,0.008253365094440215,0.01079392352415906,True,0.004232449510090166,0.0002591383908288853,0.007990641575996773,True,-0.025259761866670317,-0.02946381469869399,-0.02110620929163242,True
king,direct,guardrail,23.298448422672752,200,17812,12,6000,0.03189909536444762,0.027601197356731645,0.03607354823527964,True,-0.09933670054390188,-0.16968944081615397,-0.042845450123106615,True,-0.046762460003042516,-0.04878807583904674,-0.04493905752615407,True,0.10559052786371527,0.10220533036095204,0.10912282172676509,True,0.12511795634580022,0.12220546554131638,0.12781292464761626,True,24.820765387966144,23.126696282325387,26.085863693795996,True,0.1112813553816508,0.10959235196154181,0.1130061763815562,True,0.021883524562248624,0.01228367563520187,0.031709247664848214,True,-0.1671009716947719,-0.19146500551858334,-0.13881142430631277,True
king,direct,A_beta_0.25,1.8929929558787704,200,17812,12,6000,0.007773116173073397,0.006113487446534524,0.009304109870857896,True,-0.00628366753501139,-0.025715994187187653,0.012050579592242648,False,-0.023635594785974656,-0.024797352287402187,-0.02241327560569433,True,0.05189795767136312,0.050452239578614395,0.05350161810020087,True,0.06260673985513421,0.06082074451462698,0.06427228468048508,True,12.002825644269429,10.790134785218003,13.223364831082263,True,0.05675471936627128,0.05553781947295125,0.05782629473337893,True,0.016839243254846224,0.010503400809982799,0.023872206878829082,True,-0.13170741793448826,-0.14102618142226886,-0.12086354848032604,True
king,direct,A_beta_0.5,70.6301754096225,200,17812,12,6000,0.0483357962348035,0.04296281519196686,0.053065881974398536,True,-0.12480119124490133,-0.2010260300289841,-0.053173731093324204,True,-0.04935674115851205,-0.05192966407958438,-0.04718437020748982,True,0.11987119350256488,0.11476610056427518,0.1253973649090971,True,0.13402014420560712,0.13007144610735563,0.1376313304995393,True,28.382589375798442,26.708636810120247,29.850125303868673,True,0.11952711124506575,0.11684906128479905,0.12263893216881065,True,0.016837998941575588,0.006628325383253128,0.029154174862781396,True,-0.16847301401192097,-0.18937781836608902,-0.14323427921538356,True
king,direct,A_beta_0.75,127.79009747619683,200,17812,12,6000,0.0750097635258033,0.06957823508578137,0.08021059316234232,True,-0.2495081867250532,-0.3432047279558425,-0.15078080684425682,True,-0.0542919544965334,-0.058684620486838604,-0.050369226874062686,True,0.1399513426049016,0.13212001447254998,0.1494698122395412,True,0.14685268271537624,0.1390909636427328,0.15488147016632237,True,32.057306156389316,30.247742305097276,33.90279826709759,True,0.12425977059615939,0.12042182648045838,0.12833466231078772,True,-0.003461727854613316,-0.017721419790788857,0.012253298902528126,False,-0.17590808316096698,-0.204065731451689,-0.14632541970181018,True
king,direct,direct_common_lo,0.3872983346207417,200,17812,12,6000,0.001820385663607264,0.000326189803984843,0.002825770688715029,True,0.0022704594333964696,-0.004930936352996942,0.010570051857320222,False,-0.007068565990743288,-0.007472461733624253,-0.00669846535699486,True,0.016247630722685626,0.015582121446321729,0.01705682002457993,True,0.01897125778431133,0.01820713971416056,0.01972310490157238,True,3.52228223867393,2.57950114140833,4.438473455716339,True,0.01735624971325954,0.016533293905164365,0.01815186707658632,True,0.006653001880998381,0.0026526877265030547,0.01063293502578954,True,-0.047064428334958795,-0.051831992971392744,-0.04309194687752779,True
king,direct,direct_common_hi,0.5620804515923291,200,17812,12,6000,0.0015729886357081816,0.0005022425619387469,0.0024560186673302058,True,0.006269940909904051,-0.004083237301285211,0.0172928648593174,False,-0.01020931464825765,-0.010981541131902922,-0.009502730075929111,True,0.02208431364434785,0.02078653536919149,0.02327432050059733,True,0.02683612583275604,0.02551201307164127,0.028077238862746122,True,5.142201914610789,4.373715738208945,5.865904970719816,True,0.024389437168877932,0.02331846652708303,0.025362875128683255,True,0.007844529749461579,0.0036163885020251917,0.011721934247424947,True,-0.06266444481641927,-0.06772815763423386,-0.05779389795731436,True
king,direct,direct_coverage75_lo,0.3909396965577807,200,17812,12,6000,0.0015469160298889673,0.0003153627423938016,0.00254874611932922,True,0.0006291661734369131,-0.007759757262402095,0.007410950628501759,False,-0.007306479404738687,-0.007916992239846894,-0.006732437733857726,True,0.01654158943936634,0.015982760707022408,0.01697589657409063,True,0.019520331339860888,0.018481875670820564,0.020717049153191672,True,3.714314093646996,2.8072854344598452,4.6370813074755395,True,0.017744447250138528,0.016930583498319315,0.01846327706882065,True,0.006371009320113795,0.0031340735318087804,0.009772350123929232,True,-0.04650459840697941,-0.05055967418709319,-0.04252962757558046,True
king,direct,direct_coverage75_hi,0.8111718071042558,200,17812,12,6000,0.003085211140593787,0.0018122655482599845,0.004246098827767194,True,0.0009091255330566289,-0.011320592747905076,0.011517392562475573,False,-0.013080484106732395,-0.013764559431092432,-0.0123371745137062,True,0.029190071778511274,0.0284577949197288,0.02990548234114596,True,0.03524573576169761,0.033997061848440896,0.03635592829671217,True,7.042024555027074,6.219889746539341,7.904843181929664,True,0.03187549398710098,0.03098951433681079,0.03266143578600133,True,0.012015365296711449,0.0062890089741585616,0.018229000365894445,True,-0.08092126523446637,-0.08690593782287322,-0.0756363847017241,True
king,surrogate,baseline_rho0,0.0,200,17812,12,6000,0.0,0.0,0.0,False,0.0,0.0,0.0,False,0.0,0.0,0.0,False,0.0,0.0,0.0,False,0.0,0.0,0.0,False,0.0,0.0,0.0,False,0.0,0.0,0.0,False,0.0,0.0,0.0,False,0.0,0.0,0.0,False
king,surrogate,activity,0.0873040160721099,200,17812,12,6000,0.008267639348871862,0.004851260617294725,0.01270301059619534,True,-0.0066594834683366185,-0.019637308667846694,0.008372785034929968,False,-0.008838488269772085,-0.010629043193976085,-0.007375573036213679,True,0.023151877114141805,0.019354355784265413,0.027099101515565504,True,0.02208158863411172,0.018116317948966027,0.02578966412179452,True,4.0048398510102174,3.063638792525403,4.8542208269516385,True,0.019398457358645798,0.017348105822512436,0.021974824375044614,True,-0.007342582436089835,-0.01388122611861317,-0.0014209200970353225,True,-0.04569109529671289,-0.053810239153816226,-0.03750423582273592,True
king,surrogate,guardrail,0.2668657121503905,200,17812,12,6000,0.016593623352866908,0.012562878083971824,0.021738470903949956,True,-0.01053755233405468,-0.02732551715473689,0.006069139398996736,False,-0.012020281099408314,-0.014844419856494756,-0.0099940471213674,True,0.041565593087238374,0.03728541224486232,0.04566065056662345,True,0.03211615393555976,0.027825321195380018,0.037224628100215734,True,6.5462676216715705,5.627494234195919,7.6092484820100825,True,0.033927664188344024,0.031112677751127586,0.03709536020965776,True,-0.008479511424132304,-0.019405351613456624,0.001913912717925991,False,-0.0877861195094865,-0.09637668586050169,-0.0796691878685121,True
king,surrogate,A_beta_0.25,1.0232585578110558,200,17812,12,6000,0.03476019697743529,0.03048844489596606,0.03824914257784233,True,-0.02110536758705813,-0.04671997369827741,0.0001998842725406295,False,-0.019572276358440742,-0.02403238010030286,-0.016106084324705554,True,0.07500265703534785,0.06758723799747805,0.08290427569076159,True,0.05140888402658232,0.04428633340265539,0.06057564713386105,True,11.308546252372121,9.37330081968761,13.53831990802359,True,0.0631165025909853,0.057764174474075954,0.06926994988854199,True,-0.009143971875467406,-0.021670750143470686,0.001800580365439445,False,-0.1628194866346839,-0.1762879637190561,-0.14790783228359713,True
king,surrogate,A_beta_0.5,10.158165624074885,200,17812,12,6000,0.09073403234164601,0.08467720435393543,0.09799885298214364,True,-0.04096236969710354,-0.06186395272223069,-0.022058937734266742,True,-0.025010158757746898,-0.02941407065569574,-0.020866744398187965,True,0.12391857302485622,0.11661311435502736,0.13288636841870485,True,0.06299281440891447,0.05568718355859033,0.07212532452521847,True,15.905491524781487,14.057427625168893,17.78123038452931,True,0.10338403064202073,0.09678990983427381,0.11017410552005572,True,0.004113972778082047,-0.015759867599400283,0.021358846035417878,False,-0.15547475397828742,-0.17984234942112243,-0.12615721606762012,True
king,surrogate,surrogate_coverage75_lo,0.08812484459797208,200,17812,12,6000,0.009129834958461642,0.005796395653023692,0.013538796297303821,True,-0.00542788131091691,-0.016029128141793237,0.00605085201578786,False,-0.008823656785541508,-0.010621305785596669,-0.007218959988917994,True,0.02371639574504246,0.01991169007531339,0.027220208691844692,True,0.022020749019019074,0.018058673080634406,0.025806114375650103,True,4.458424296989838,3.1673690305934645,5.470832912178836,True,0.019890949873524834,0.017681942932666755,0.021866191714729387,True,-0.007888753729078414,-0.01379521163295764,-0.0019123267515725132,True,-0.04815211677417664,-0.05645075672533414,-0.039661958825806275,True
king,surrogate,surrogate_coverage75_hi,0.2648753015080894,200,17812,12,6000,0.015408303102237538,0.01157831235664067,0.01945906326043538,True,-0.00666900047837884,-0.020334121599308818,0.006438579154051706,False,-0.012586404803089693,-0.015230888778644086,-0.010290693810551888,True,0.04120287099075119,0.036771180418028515,0.045549931035730955,True,0.03203242426486505,0.026269756926102776,0.037626229612245154,True,6.88523823944568,5.323929691056927,8.341949880234028,True,0.034831915200589564,0.03145509896928236,0.03816626466459222,True,-0.011078359511018312,-0.02228923663533165,-0.0004472251095933798,True,-0.08871243600601204,-0.10034452296987922,-0.07776192673290898,True
miami_dade,direct,baseline_rho0,0.0,200,11909,12,6000,0.0,0.0,0.0,False,0.0,0.0,0.0,False,0.0,0.0,0.0,False,0.0,0.0,0.0,False,0.0,0.0,0.0,False,0.0,0.0,0.0,False,0.0,0.0,0.0,False,0.0,0.0,0.0,False,0.0,0.0,0.0,False
miami_dade,direct,activity,0.3872983346207417,200,11909,12,6000,0.0011803474926227544,0.00025317250816881906,0.002158105687609184,True,-0.004373042765486947,-0.01687790042742786,0.008077550833858122,False,-0.016357876819133813,-0.018928368493451857,-0.013788256347910055,True,0.01595177148539259,0.014472119936825742,0.01767528840384467,True,0.02124860440248051,0.01816045962946228,0.024484795038654007,True,4.943245180254827,3.4853223744570467,6.013909098865621,True,0.01630354098949663,0.014759559544728587,0.017499399612520977,True,0.006280551852245946,0.0037535512956394486,0.008675833352941262,True,-0.0333453556733474,-0.036994399389123855,-0.029612900403492636,True
miami_dade,direct,guardrail,23.298448422672752,200,11909,12,6000,0.03193583576883239,0.026909454954996494,0.03677084356984168,True,-0.13751273658937282,-0.3339850377010268,0.007283596134987711,False,-0.10667702221198658,-0.11511825741457504,-0.0978562381848336,True,0.10335017350691172,0.09935032915053732,0.10709450358919267,True,0.13704999298629633,0.1303238266242304,0.14340950037411476,True,29.656567723760542,26.883870833351537,32.233241450161415,True,0.0977564945143418,0.09437034145698726,0.10102841673140961,True,0.02050583513354108,0.014463459022837251,0.028349043354169857,True,-0.11896636680200824,-0.14209148875406954,-0.09860813503992931,True
miami_dade,direct,A_beta_0.25,1.0526886582651624,200,11909,12,6000,0.004308974806156616,0.002288727528458739,0.005778431580801767,True,-0.0007675905586693604,-0.02871974688607796,0.02446205232245159,False,-0.03412396210925977,-0.0373510522713357,-0.030561210632562508,True,0.03239723010454158,0.030841859699866542,0.03378358023981932,True,0.044100300085582037,0.04079542553440572,0.0480919928171179,True,8.451097315321448,6.953131230963557,9.752478011802529,True,0.032388220962707354,0.03087293061812525,0.03359521230591744,True,0.011036753539239115,0.008122321044141716,0.014584179583877165,True,-0.06498378995969879,-0.07104795329550004,-0.058538038574655046,True
miami_dade,direct,A_beta_0.5,4.645521478908063,200,11909,12,6000,0.014323822018865168,0.010685999259466747,0.017546988255253554,True,-0.040151092547507955,-0.14234761845468927,0.032044719305966606,False,-0.07800749235472453,-0.08484709449803833,-0.07096592800972941,True,0.07171919051262061,0.06931338399892503,0.073723225559575,True,0.09995709506455912,0.09541153892839022,0.1046245162232045,True,20.455549749677658,19.09370439111252,21.71971332246706,True,0.07237090433785605,0.07070080678982872,0.07380374119628214,True,0.02101384201279781,0.015901013360066635,0.026697583724568603,True,-0.10953057436742697,-0.12567125574094218,-0.092377680417431,True
miami_dade,direct,A_beta_0.75,108.07923814374772,200,11909,12,6000,0.07170374689133327,0.06447050472029073,0.0802081594177609,True,-0.2896620198502793,-0.6719884784829134,-0.03219875602013618,True,-0.12560231069201064,-0.13557963239131884,-0.11351007256446273,True,0.14166972897386873,0.1321756574848731,0.152400399499702,True,0.16177779078986748,0.14863266182906631,0.17534421162847486,True,37.88223646859805,35.00226249832023,40.740439403842196,True,0.10702834656679876,0.1002748880186999,0.11375286861124796,True,-0.006151434525900759,-0.015964879784812078,0.0032955750595872048,False,-0.11786775630106608,-0.14075062221201162,-0.09533211638204803,True
miami_dade,direct,direct_common_hi,0.5620804515923291,200,11909,12,6000,0.0022149335317021165,0.0008487607109419281,0.0033321954535616123,True,0.011024061694364033,-0.005597207271096642,0.030312315261998568,False,-0.022657258256974434,-0.025371222212037685,-0.019679898447607196,True,0.020940394989689394,0.01990480795299467,0.022061882388571593,True,0.029263431284606015,0.026735366911422427,0.03187223512524474,True,6.486408921280411,5.3481066862693645,7.592549145032798,True,0.02150823810544276,0.02050312362963517,0.022553059322736806,True,0.007470693119338337,0.00483903541990712,0.010168044069276077,True,-0.04352568405945052,-0.04895539792366705,-0.03910764806342907,True
miami_dade,direct,direct_coverage75_lo,0.3909396965577807,200,11909,12,6000,0.0011305072398893662,-6.231367071323139e-05,0.0019998413470938624,False,0.0006276861456590377,-0.01986631585193326,0.018809221761983245,False,-0.017413015230736146,-0.020065753607995295,-0.014498869630681687,True,0.01542976316776496,0.013967471363652131,0.01694043771217013,True,0.022376003953586746,0.019366269617941214,0.025396251847566744,True,4.151945345655545,3.0198900360378,5.163936353641444,True,0.015902464442772393,0.014623053132936558,0.017171522072568134,True,0.006931119529023663,0.004801682839252615,0.009122108521770379,True,-0.031920673122439715,-0.03516818206988322,-0.02831469774348656,True
miami_dade,direct,direct_coverage75_hi,0.8111718071042558,200,11909,12,6000,0.0031238741469424413,0.001394725374244795,0.004326260310023205,True,-0.0017458727594108047,-0.020374156521106752,0.012863494118531275,False,-0.030256066771123163,-0.03266032194408548,-0.027505164133922778,True,0.027294153136332017,0.026408307049473962,0.028182404184455025,True,0.038995250075590786,0.03649755736951982,0.04190705053403593,True,7.943208487464181,6.873883685524382,9.131044583152217,True,0.028051453180525394,0.02700462758563825,0.02896419425716146,True,0.010388377545255057,0.006700720236826968,0.014368425008085479,True,-0.05568237154893858,-0.06161542477389592,-0.04962483066985865,True
miami_dade,surrogate,baseline_rho0,0.0,200,11909,12,6000,0.0,0.0,0.0,False,0.0,0.0,0.0,False,0.0,0.0,0.0,False,0.0,0.0,0.0,False,0.0,0.0,0.0,False,0.0,0.0,0.0,False,0.0,0.0,0.0,False,0.0,0.0,0.0,False,0.0,0.0,0.0,False
miami_dade,surrogate,activity,0.060156335155656,200,11909,12,6000,0.000201943694656076,-0.001050227912388401,0.0014226363296520675,False,0.05781781200329776,0.003689689115213743,0.10489777726951406,True,-0.014360824939347016,-0.02076690665628303,-0.009651032264273936,True,0.011976015905946009,0.010240665141215704,0.013485060261347154,True,0.017946985517130372,0.01307117721242052,0.023511460361428947,True,3.2778380111007706,1.7707559944547162,4.546204399239881,True,0.013225365568833096,0.01127886992986237,0.015047953530930103,True,0.004292893806346893,-0.0010366972171061187,0.00822254854640249,False,-0.02813838502857697,-0.03355628279498452,-0.023248137601106084,True
miami_dade,surrogate,guardrail,0.1267030513510693,200,11909,12,6000,0.0016670112536847626,-0.0006436699612380664,0.0037669569303923883,False,0.05640975665615234,-0.00047742121299988407,0.1007188829632716,False,-0.0175114217902514,-0.025906652001347796,-0.011527923667043947,True,0.020722911522616707,0.018066139195521146,0.023757561509688222,True,0.02291196392399976,0.01663865550128379,0.030347326102401376,True,6.139120826086107,4.825270464357707,7.355496494576865,True,0.022454653113976743,0.020256106125434086,0.025511333716177382,True,0.004476940618492067,-0.0011753059689218817,0.008899142249880974,False,-0.052441534340905455,-0.059426008846460855,-0.046766905489717556,True
miami_dade,surrogate,A_beta_0.25,0.2026684574552762,200,11909,12,6000,0.0031646828192992338,0.0006094316384021311,0.00534917649123123,True,0.05313543685770867,-0.00922818832343752,0.09792565088334136,False,-0.018496326895918503,-0.02649999413110679,-0.012937439123243329,True,0.025847863694990196,0.022561481958700648,0.029075860654837075,True,0.02508626309024931,0.018528796473938017,0.031901282592498366,True,7.3188674598217585,5.565881580820681,8.957200317625745,True,0.027924849251259397,0.025537549761755558,0.030414699989870918,True,0.0062004920762051795,0.0009119226432348791,0.011428978983135054,True,-0.0687863766339515,-0.07656788929411495,-0.06127292297808083,True
miami_dade,surrogate,A_beta_0.5,1.0801783822892117,200,11909,12,6000,0.02064023969204365,0.01686364274461182,0.024174578451750736,True,0.03835111768095891,-0.03151047311732389,0.09635787901515475,False,-0.029752244696394675,-0.039233680734563056,-0.022021963683649552,True,0.061331829174436935,0.05660287670654778,0.06678375625517033,True,0.042590819561883236,0.03452825157509447,0.05092269255880424,True,16.100918448247736,13.412741040856702,18.695722092120064,True,0.06025873770120649,0.05607040991054842,0.0650593035841161,True,-0.005529163170540942,-0.016032622306375005,0.004547566197532757,False,-0.15431564120375,-0.17032576635396773,-0.14048425532629322,True
miami_dade,surrogate,A_beta_0.75,5.006826904920522,200,11909,12,6000,0.06102832442972192,0.053358628136358145,0.06804334812225138,True,0.049691682179611354,-0.008423446829231431,0.09495133267097332,False,-0.049805447522070063,-0.060446592125528734,-0.0416470733070993,True,0.1074648153414052,0.10179669380084622,0.113566839976037,True,0.07105353140965098,0.06345029819564876,0.07985642053050118,True,32.13387674539516,29.510797434436725,35.3584880225877,True,0.10693044682177547,0.10207018055923317,0.11217327816220474,True,-0.019462697490844474,-0.03602015000113291,-0.004771759586551665,True,-0.18796649544911212,-0.22184792524668884,-0.1578804109394401,True
miami_dade,surrogate,A_beta_0.9,14.873810602243854,200,11909,12,6000,0.10028635569298178,0.08924560451416537,0.11103878618751631,True,0.060746752234565216,-0.015397950250479955,0.1188135603837192,False,-0.06483080571075389,-0.07987388472804814,-0.054127614840273036,True,0.13822526318406406,0.131437287152248,0.14536246099572184,True,0.09254234725591155,0.08231654003656022,0.1048851248966754,True,42.688114061342404,39.532402149012405,45.90534516271684,True,0.13998364928550822,0.13389951112174864,0.14695068543881246,True,-0.016134280555948725,-0.03798427019972577,0.0017495360812622822,False,-0.14160500718357238,-0.19082728892918183,-0.10287978602977972,True
miami_dade,surrogate,surrogate_coverage75_lo,0.08812484459797208,200,11909,12,6000,0.001419551938123487,4.6791162858755154e-05,0.0027461006847385866,True,0.06516482974424526,0.012874874653553334,0.10834610229331934,True,-0.015095068896912122,-0.022760674087466216,-0.009976493583625035,True,0.0163380274809709,0.014517215578281131,0.018457595729354608,True,0.019479470729586133,0.014468693890755219,0.0265376244698572,True,4.653522234475215,3.1429263094829816,6.564396126390935,True,0.01753879487598604,0.015906648368049076,0.019621387666468905,True,0.004716006603580748,0.0005492492983498098,0.008166926242194079,True,-0.042108442102080194,-0.048208731246115466,-0.03649889970445024,True
miami_dade,surrogate,surrogate_coverage75_hi,0.2648753015080894,200,11909,12,6000,0.004894324945603901,0.0021848699817523234,0.007230814233963799,True,0.06370563039230268,0.002404581208038346,0.10836688046783634,True,-0.02153114138501592,-0.030460718667812425,-0.014566633553569295,True,0.031222979833127752,0.028364377731236214,0.033950738332295,True,0.02916950767459922,0.022154883582012903,0.03637609651508418,True,9.479266829509696,7.854453220491217,11.25767948457149,True,0.033248477560018544,0.030706330759346524,0.03614678771073364,True,0.0042562667941395994,-0.002148383633479908,0.00998267506495521,False,-0.08158720103060924,-0.09005135337211195,-0.0732640736181652,True
middlesex,direct,baseline_rho0,0.0,200,9222,12,6000,0.0,0.0,0.0,False,0.0,0.0,0.0,False,0.0,0.0,0.0,False,0.0,0.0,0.0,False,0.0,0.0,0.0,False,0.0,0.0,0.0,False,0.0,0.0,0.0,False,0.0,0.0,0.0,False,0.0,0.0,0.0,False
middlesex,direct,activity,0.3872983346207417,200,9222,12,6000,-0.0010903229239452436,-0.002436844439943045,0.00039785590513559713,False,0.012497687456851585,0.0019293759135643742,0.01798719039425996,True,-0.007327497832874241,-0.0085318436485046,-0.006243567070189721,True,0.01714304349278044,0.015647325069531936,0.018810471686148897,True,0.01912174042254536,0.0167728125547554,0.021098313146436152,True,2.9717861095305476,1.449483618680832,4.246774891416839,True,0.01729836445584417,0.015255564885342979,0.01896292928422895,True,0.007488544859207499,0.001531945330850408,0.011951703640975931,True,-0.04020523161900616,-0.04700277527860635,-0.03535904087647526,True
middlesex,direct,guardrail,11.061685231539125,200,9222,12,6000,0.022603926192627424,0.01783155069609395,0.02776822171535334,True,-0.014320675413526609,-0.07095904935768331,0.004725371086799296,False,-0.051569697371149165,-0.05425005778328308,-0.04927361535596656,True,0.12235189525810991,0.11734187423127856,0.1269669564629343,True,0.1354040989523423,0.12670078872383614,0.1433522057022205,True,28.355661916280756,26.634702329251766,29.619547088757578,True,0.12143218494138065,0.11471395825637576,0.12628144185356724,True,0.04350946616403864,0.03156442594128556,0.05561655712784412,True,-0.14000066926062618,-0.16580823889991805,-0.10838267042357433,True
middlesex,direct,A_beta_0.25,3.09818764825416,200,9222,12,6000,0.007001765895750144,0.003269204871456178,0.010403473657586872,True,0.011071389700405417,-0.02156706477651136,0.025120941324177512,False,-0.03493606868598015,-0.03743173700937179,-0.03293748133742113,True,0.08109726211289736,0.07834778209267415,0.08354641190878463,True,0.09098885035830179,0.08631926114437614,0.09579208862070056,True,18.632036963743673,17.468142848443915,19.82420382815204,True,0.08160328655298535,0.07881331637034474,0.084601622373182,True,0.03132230178789845,0.021198192442472976,0.04229755743254038,True,-0.13948711226403154,-0.15198510065441284,-0.12356918537394221,True
middlesex,direct,A_beta_0.5,56.26964535407659,200,9222,12,6000,0.0891805134270713,0.0803560798943796,0.09768176866758368,True,-0.08514879789926039,-0.25779255111017146,-0.02979084400662422,True,-0.06056900727286139,-0.06362985454314385,-0.057954657424015385,True,0.1682581281448914,0.15899552349360577,0.1794761591887605,True,0.1590695494956674,0.14693485088780867,0.16958694038117564,True,37.07074254188197,34.738442009600014,39.38033946060213,True,0.13205307677153708,0.12612451730976523,0.13801515250625732,True,-0.002269093809177187,-0.019460114997050967,0.015291950093287977,False,-0.15712686047717409,-0.18277216399511906,-0.13278398041299294,True
middlesex,direct,direct_common_hi,0.5620804515923291,200,9222,12,6000,-0.0013453067071235334,-0.0030220961679402352,0.00021616576017008065,False,0.00958601151234392,0.005090247484136468,0.015195721021951322,True,-0.01249715287107569,-0.013377570570392155,-0.011670719304944783,True,0.028286027148988237,0.02698769947734659,0.029802187419337184,True,0.03233809083809841,0.029783199365747623,0.03485352365561145,True,6.20010353931055,4.917091719952839,7.670711075057597,True,0.029004326801000176,0.02738077573225568,0.030326869059668377,True,0.014695048925144585,0.009561294365785584,0.01984382523426667,True,-0.0655536718769264,-0.07016205183201116,-0.061346649053175696,True
middlesex,direct,direct_coverage75_lo,0.3909396965577807,200,9222,12,6000,-0.0017362682814694498,-0.003455783357195437,8.64581550880402e-05,False,0.006795623625780156,0.003240494305879538,0.011169563227634296,True,-0.009730718763200214,-0.01040225962116137,-0.00896633646433398,True,0.02122400346532273,0.019479592543525444,0.02287732154141618,True,0.02508134045167723,0.021777780724430967,0.027615881071954635,True,4.933511154780377,3.3403143020385633,6.2050871238725485,True,0.022484605340311953,0.020214486940351932,0.02435492234518877,True,0.012333225139847175,0.006277051595506694,0.018222021721131854,True,-0.05146920924396523,-0.05703362546843424,-0.04574200637957849,True
middlesex,direct,direct_coverage75_hi,0.8111718071042558,200,9222,12,6000,-0.0009115821849754293,-0.0030579582925412477,0.0011378392140444,False,0.011781498449977527,0.0011954397968823942,0.016747182480724442,True,-0.01676576702506104,-0.017986051813824316,-0.015551563875296687,True,0.038113458552171305,0.036463404658368094,0.03999353318034831,True,0.043395151184930175,0.03946543362562279,0.04745382565666734,True,7.6283780677320685,6.414647946681111,8.743213456546854,True,0.038610821037571144,0.03623907003640381,0.04142233506411356,True,0.017873650164889284,0.012283958165863322,0.02431753009865584,True,-0.083684886652161,-0.09252686672476845,-0.076637508134356,True
middlesex,surrogate,baseline_rho0,0.0,200,9222,12,6000,0.0,0.0,0.0,False,0.0,0.0,0.0,False,0.0,0.0,0.0,False,0.0,0.0,0.0,False,0.0,0.0,0.0,False,0.0,0.0,0.0,False,0.0,0.0,0.0,False,0.0,0.0,0.0,False,0.0,0.0,0.0,False
middlesex,surrogate,activity,0.2668657121503905,200,9222,12,6000,0.02290238550352795,0.018673687236660096,0.026671214383266424,True,0.0021615228912400873,-0.012645343425234212,0.017424712792466816,False,-0.017012271653617662,-0.01941640300079725,-0.013844464023012775,True,0.04778404055719067,0.04455292248023987,0.051167676526762344,True,0.04230098814074905,0.035722707456894084,0.04872102584309813,True,8.932361566352256,7.010077974294367,10.792248401338218,True,0.03908066066452537,0.03461437472650294,0.04377702642251937,True,-0.007191569707297232,-0.015865262298428932,0.0010212616734699418,False,-0.09506518505762364,-0.10478048276319885,-0.08548456973648935,True
middlesex,surrogate,guardrail,0.060156335155656,200,9222,12,6000,0.0047076833131675985,0.0022901035168759894,0.006796537252204433,True,0.0074574100609457435,-0.01120885854118417,0.018058276735860513,False,-0.00833565995140824,-0.010241195872362274,-0.006293021615041942,True,0.016648353489834452,0.012382501215144306,0.02020716563372562,True,0.019779819787161715,0.013464347634348572,0.025088232416940012,True,3.1298359677873338,1.4630636439769809,4.8589262387258,True,0.014813166718091826,0.011529676797129124,0.01804246254199091,True,-0.004193017405912094,-0.012334419964437123,0.0015426374230488608,False,-0.03009722277945018,-0.03699844680327723,-0.022717141527166675,True
middlesex,surrogate,A_beta_0.25,1.040014113466548,200,9222,12,6000,0.0654246669917859,0.05774272712880966,0.07433543302303146,True,-0.005314075088324444,-0.017196597887677734,0.012594392719456855,False,-0.03134587112835347,-0.03460309227958034,-0.027584361309026598,True,0.09847609718981012,0.09366023990935798,0.10380981258422636,True,0.08167971695843562,0.07628867296428093,0.08653157393567427,True,17.81045056467755,14.505548903683229,20.986882959976956,True,0.08384416813475994,0.07740737066325776,0.0897404999266139,True,-0.010402453470742534,-0.02490618985731586,0.0044349886823678766,False,-0.17606042360462973,-0.19383457409809265,-0.15959489067312616,True
middlesex,surrogate,A_beta_0.5,101.0647532054863,200,9222,12,6000,0.2628898930434361,0.24574968855616997,0.27973564024385,True,-0.022723534934421828,-0.06030946004508783,-0.01107334791345373,True,-0.06414720117212201,-0.07064466765886829,-0.05767494060619539,True,0.2201932264815517,0.21322594427779212,0.22714016046721378,True,0.1719236881743826,0.15998489201207142,0.18361936956107627,True,36.13004786116533,32.647549595659065,39.56060564789146,True,0.19731749045938377,0.18546224132827474,0.20895681618573664,True,-0.00618062213107706,-0.026992029895692198,0.016220449336145394,False,-0.05471083696154667,-0.09809333961786439,-0.015590945229043595,True
middlesex,surrogate,surrogate_coverage75_lo,0.08812484459797208,200,9222,12,6000,0.005919911601656246,0.003148566045141192,0.007979614850952632,True,0.011433984070531332,-0.020019335498130408,0.022071410380507174,False,-0.011150533351636273,-0.01385701583540066,-0.008177612655697252,True,0.02383411366169006,0.019382655473384622,0.027549244959925157,True,0.026603029275151097,0.019196330056927093,0.033082388396685675,True,3.7829803160854634,1.6323535299921526,5.343537955040635,True,0.021806518620378697,0.018043695680753737,0.025353299307849762,True,-0.0034010122328600096,-0.011254259339189582,0.003547573309817967,False,-0.0462540527283992,-0.05490750341505156,-0.03845874726359963,True
middlesex,surrogate,surrogate_coverage75_hi,0.2648753015080894,200,9222,12,6000,0.02150284732462206,0.016288443950485527,0.02608890319083843,True,-0.002308626966271717,-0.016297556917849596,0.016677720654597196,False,-0.017970895204781456,-0.020504983192977076,-0.01492044252192805,True,0.049449520042753645,0.04485990608064085,0.05457732995155651,True,0.04477790502359222,0.03769615243505734,0.052780379173929505,True,8.653736143106888,6.843549013896066,10.823936080144039,True,0.04042097855004977,0.03550995804663466,0.045378353471263386,True,-0.006348004904070948,-0.017108878729211935,0.0027559935733400677,False,-0.09553773831208727,-0.10467904029060177,-0.08586478000906889,True
cook,direct,baseline_rho0,0.0,200,24993,12,6000,0.0,0.0,0.0,False,0.0,0.0,0.0,False,0.0,0.0,0.0,False,0.0,0.0,0.0,False,0.0,0.0,0.0,False,0.0,0.0,0.0,False,0.0,0.0,0.0,False,0.0,0.0,0.0,False,0.0,0.0,0.0,False
cook,direct,activity,0.1838822993940162,200,24993,12,6000,-0.0005570843076581777,-0.0010620315637439113,-0.00010554794305931492,True,0.003014792128117152,0.0002861500963655534,0.006194640536067312,True,-0.006373269566013844,-0.007138496187656463,-0.005782156152161472,True,0.010579882640121765,0.010003879457121815,0.011280036586985122,True,0.011476330377325388,0.010605151885935731,0.012575746367040586,True,2.190029846734698,1.0836583558007635,3.572009108092997,True,0.010343805356056737,0.009798179497660563,0.010930299758184318,True,0.0025476630328834047,0.0007343903574410138,0.004538737610939099,True,-0.02046696055527381,-0.022436159450095243,-0.018273262987774277,True
cook,direct,guardrail,0.5620804515923291,200,24993,12,6000,-0.000880419566145134,-0.0012477017402599052,-0.0004940143918527427,True,0.008599689743994467,0.0049893947319503305,0.013346739465714118,True,-0.01748890121976652,-0.018438377150488135,-0.01679946305495076,True,0.027516192607045555,0.026886031391191407,0.02815125959421301,True,0.03200840683228332,0.031086197756843875,0.03321008498278897,True,7.858974795269776,6.890813394503883,8.740108083707916,True,0.02794763308916659,0.02714757022699732,0.02867904328508679,True,0.009459189587114631,0.006809468197891222,0.01223814391666156,True,-0.05248072623064415,-0.05566562130028845,-0.049179356566531995,True
cook,direct,A_beta_0.25,0.8068175897491117,200,24993,12,6000,-0.0004350181330718685,-0.0008436451412827811,-7.028605239975456e-05,True,0.008779918254535472,0.004787876684544196,0.014498510656880747,True,-0.022647815096543126,-0.02336529877494643,-0.021883398119243884,True,0.03611882427224123,0.03541410142805032,0.03670004223463765,True,0.04163847129194729,0.040826807887964625,0.042560576648697536,True,10.16946336467037,8.98537261486277,11.443159422647351,True,0.036603226441373586,0.03590859751836593,0.037276351156839325,True,0.012216152571675963,0.009823789953233028,0.01491498507920838,True,-0.06773488384104785,-0.07199480100379269,-0.06374015965997541,True
cook,direct,A_beta_0.5,2.486762272316388,200,24993,12,6000,0.002776271332218178,0.002014293737974926,0.0037028442726861864,True,-0.001594455698737856,-0.00838317316621435,0.008801984281756195,False,-0.04530735455355519,-0.046978366674234925,-0.043773080140439714,True,0.07089104347790116,0.07023417145570739,0.07163878750304455,True,0.08344678208892496,0.08232869797096755,0.0845675475477321,True,20.728131554715347,19.373278019877443,22.227960563655206,True,0.07319861043140842,0.07179521610598742,0.07459277454581921,True,0.020561795513023222,0.016672857583479486,0.024019941171533395,True,-0.11964673152705252,-0.12717502824639718,-0.11126242832224131,True
cook,direct,A_beta_0.75,7.891876567728306,200,24993,12,6000,0.010419194468548745,0.009438773502389516,0.01172449214360865,True,-0.03852662013632781,-0.04941269925767781,-0.0219826956843685,True,-0.06798541774920552,-0.07037279728358455,-0.06571734179666135,True,0.10494705379579615,0.10401995962601981,0.1060949410928563,True,0.12569276157500237,0.12368720340493972,0.1272496883590323,True,31.57905918713035,30.13656642709664,33.60380637925745,True,0.10971371349285487,0.10800657086575131,0.11163113323563446,True,0.027957574336895174,0.02259670262839542,0.034334293841986774,True,-0.1499948718586794,-0.16447419565438864,-0.1325673471861212,True
cook,direct,A_beta_0.9,21.96737100326585,200,24993,12,6000,0.017748535311131672,0.016282768347930392,0.01932715874266685,True,-0.07118951525796173,-0.08804172673955257,-0.04714319777857986,True,-0.07959119797805647,-0.08194708896314505,-0.0771488613542938,True,0.12440465356289801,0.12316129498666402,0.12589629156893062,True,0.14683597732907,0.14506261284638688,0.1487706423536523,True,39.42524521027053,38.01921811793365,41.556346986344295,True,0.13005539358011256,0.1280385710065149,0.13195247051110276,True,0.02508791754588432,0.019052358180522578,0.03185061210016828,True,-0.16149484649726298,-0.18147568431533836,-0.13985720061637497,True
cook,direct,direct_common_lo,0.3872983346207417,200,24993,12,6000,-0.0005935758470743209,-0.0012003113834089378,-0.00012883565844924516,True,0.007607729605514002,0.004311948153648657,0.011902005890000629,True,-0.012475598618358341,-0.013262197687385891,-0.011930839269435545,True,0.020004630639681702,0.019224003049298683,0.020782038532114005,True,0.022856807078144303,0.022046733308366644,0.023726990486769454,True,5.177327388565834,4.162983205454313,6.142606605874115,True,0.02007117608096016,0.01919023870054101,0.020746925579739308,True,0.006900603542563688,0.004699398528037242,0.009214486964404441,True,-0.038962221940402754,-0.04181906443187705,-0.036369671032439335,True
cook,direct,direct_coverage75_lo,0.3909396965577807,200,24993,12,6000,-0.000870660875382641,-0.001401456160200038,-0.00034013846894633963,True,0.007619909297036118,0.004701836620757641,0.010533246436965935,True,-0.012951000094627846,-0.013954576443487642,-0.012278818865433316,True,0.02038196588886649,0.01970415520113199,0.021150920680701353,True,0.023754555717896267,0.02284483964371375,0.02488626280117239,True,5.273025347332923,4.243863002378773,6.42841513778939,True,0.020583053896406384,0.019625415962457492,0.02154758459840691,True,0.007224417739771396,0.00515421177679424,0.009641359779746849,True,-0.038968765869811704,-0.04210463558594583,-0.0364609496089152,True
cook,direct,direct_coverage75_hi,0.8111718071042558,200,24993,12,6000,-0.0005880781425220367,-0.0010092194706919362,-0.00016741264596319545,True,0.008798683656710339,0.004875536749917142,0.014617069270996989,True,-0.022806383026639586,-0.02362202315435897,-0.02214541288359575,True,0.036144821648412706,0.0355523531015964,0.03685520215230104,True,0.04182705319354541,0.04101841138581322,0.04258335853747422,True,10.134814942207306,9.04527409304369,11.451501516666013,True,0.03675365602253226,0.03578181165937479,0.03755561890051093,True,0.01130926080655588,0.008317330501798207,0.014094704206636114,True,-0.06753318954089549,-0.07296483371300312,-0.0625679831981808,True
cook,surrogate,baseline_rho0,0.0,200,24993,12,6000,0.0,0.0,0.0,False,0.0,0.0,0.0,False,0.0,0.0,0.0,False,0.0,0.0,0.0,False,0.0,0.0,0.0,False,0.0,0.0,0.0,False,0.0,0.0,0.0,False,0.0,0.0,0.0,False,0.0,0.0,0.0,False
cook,surrogate,activity,0.060156335155656,200,24993,12,6000,0.00040720754089005316,4.1779743266440184e-05,0.0008096651039554753,True,0.0050409814188696386,0.0027667240984121017,0.007266826895600787,True,-0.007586315177194642,-0.008176441186417327,-0.006928971539681261,True,0.01485057609708927,0.013805862096325628,0.0160546291907461,True,0.012050548706815913,0.010699943778210319,0.013240357043838793,True,4.363897360976879,3.0582149009354866,5.740081464104539,True,0.014503362620821936,0.013670399143597143,0.015427427391975649,True,-0.0028130967227713104,-0.0051942478172064144,-0.0007069090298592427,True,-0.027003012379411974,-0.02974581406381976,-0.024069298080733065,True
cook,surrogate,guardrail,0.3872983346207417,200,24993,12,6000,0.008817505324223502,0.007299719601559329,0.010186768650815251,True,0.012449912305883748,0.009005220062650005,0.015603937443541962,True,-0.02756494994901447,-0.029439582572029548,-0.02585469129428179,True,0.05945915417017776,0.05689026563507271,0.062321955762619244,True,0.04327405835146413,0.03970097802102603,0.04712585873850129,True,15.071390735012079,13.63253639231764,16.636044797723397,True,0.05968804808766858,0.05753783244070708,0.06242346000719198,True,-0.011055182211207168,-0.01706720046007314,-0.006160351406683888,True,-0.11217582439850936,-0.11950591375885829,-0.10412169454643799,True
cook,surrogate,A_beta_0.25,0.2151600472162764,200,24993,12,6000,0.004102542778828143,0.0030233441006809504,0.004960505612944998,True,0.009822417628742173,0.006763846620132169,0.012746602046988381,True,-0.0199211315009196,-0.02134010082419161,-0.018507973528217907,True,0.04191138428643108,0.039814131818474666,0.04408607701485496,True,0.031296049534387714,0.028657455015752585,0.034060740021504075,True,11.440273190916278,10.087312205277795,12.981999630029936,True,0.04147838341354422,0.03967390630898055,0.04313370820210376,True,-0.00907004402541559,-0.012681802107050413,-0.00469558628230679,True,-0.07942919882150384,-0.08501312881298505,-0.07408712021034339,True
cook,surrogate,A_beta_0.5,0.7476444494104206,200,24993,12,6000,0.01935276553856358,0.017051734002759906,0.02152180182599801,True,0.012336648733308163,0.00905399433543926,0.01543663158706798,True,-0.03810186613679927,-0.04096729057472624,-0.03585774324825754,True,0.08456782051778049,0.08079893591746126,0.08912409712079221,True,0.0595532551956858,0.05454260327491982,0.06544807129207743,True,21.72968765981235,19.841404055452674,24.76566064541381,True,0.08614679206404223,0.08296156550935291,0.09005832979990215,True,-0.01426723592947837,-0.022000999023318125,-0.007549779169073787,True,-0.15323455786374718,-0.16486868212982156,-0.14151739937897204,True
cook,surrogate,A_beta_0.75,2.2772646870056894,200,24993,12,6000,0.0512031988796734,0.04809410508228045,0.05486150154578486,True,0.00723517545308048,0.0033436965773904676,0.011107337411123687,True,-0.05567007288469956,-0.05953366376005183,-0.05251335433688071,True,0.1272224848988624,0.12215291488108448,0.13312866139377097,True,0.08780873911394718,0.08097551982958369,0.09515057964667552,True,29.55704795084124,27.7817084111478,32.35851497912374,True,0.13215832218611492,0.12814170265889424,0.13732053501241578,True,-0.009057542717562638,-0.018930459715638285,0.001187289210432063,False,-0.18644063650152973,-0.21232992459984956,-0.15880635798780485,True
cook,surrogate,A_beta_0.9,5.412658827609016,200,24993,12,6000,0.08258274518284064,0.07896170691300657,0.08681125478843368,True,0.002924632059189463,-0.0006265660333778121,0.006486596246132563,False,-0.0669907557730197,-0.07120162771618424,-0.06340183951240877,True,0.15537902400372355,0.14997929226675352,0.16132591255362624,True,0.10761785553789936,0.09903949809765673,0.11650132296431813,True,32.93648759272504,30.85810108170575,36.16736634031552,True,0.16270899471102943,0.15794785285364582,0.16791447379515215,True,0.002379811393097098,-0.011126769898394295,0.014177600789382884,False,-0.172590193923863,-0.20383231873450094,-0.13237492581161747,True
cook,surrogate,surrogate_coverage75_lo,0.08812484459797208,200,24993,12,6000,0.0009407005528937625,0.00037815520197492585,0.001550054134702353,True,0.006734387707272916,0.004334368226116364,0.009280042597094654,True,-0.010534242741041316,-0.011343208220637635,-0.00975231103522966,True,0.021079758083978894,0.019574517575244296,0.02241172587273701,True,0.01673857749153225,0.015389400429410772,0.017836868188692925,True,5.744923458888167,4.242420615640258,7.245540997034399,True,0.020629290699894352,0.01940056735161185,0.02172100910506833,True,-0.004576116105729139,-0.007570124993892929,-0.0018822263831915428,True,-0.03882746740543326,-0.04250184789414849,-0.03582837329261278,True
cook,surrogate,surrogate_coverage75_hi,0.2648753015080894,200,24993,12,6000,0.005435741968867254,0.004437446605599806,0.006483945861153646,True,0.010628667101182977,0.006903198255425144,0.013657805953890895,True,-0.022706005376768017,-0.024116181014909394,-0.02159168984608829,True,0.0479889994569962,0.04586584733519363,0.050228648814876924,True,0.03577315764698475,0.033410546265320376,0.038547520303853035,True,13.198322305332958,11.918987744903761,14.749334129081207,True,0.04778233308284561,0.046263191492628926,0.049580768991501385,True,-0.010104363454837744,-0.014154984289994664,-0.0060479276240164425,True,-0.09089448195597682,-0.09753081552751432,-0.08467018172446444,True
