county_key,n_history_rows,n_primary_residential,primary_residential_share,n_legacy_385,legacy_385_share,n_confirmed_appendix_366_condo,confirmed_appendix_share,n_unclassified_excluded,unclassified_share
wayne,17338146,13257614,0.7646500381297977,13257589,0.7646485962224565,563567,0.03250445578206574,3516965,0.20284550608813653
philadelphia,12982344,3342412,0.257458283342361,2680384,0.2064637942115846,5363167,0.4131123778571882,4276765,0.32942933880045083
st_louis_county,8203522,5600125,0.6826488671573014,5598518,0.6824529756853215,400088,0.04877027208557495,2203309,0.26858086075712356
allegheny,4022245,2696050,0.6702848782209935,2561531,0.636841117336214,205723,0.0511463125692244,1120472,0.2785688092097821
maricopa,16371549,11502595,0.702596620515261,11129487,0.6798065961870804,1809521,0.11052839288450958,3059433,0.18687498660022947
king,7074893,4919944,0.6954089623687595,4727321,0.6681826848830081,1088522,0.15385702653029523,1066427,0.15073401110094528
miami_dade,16627312,6926106,0.41654995106845893,6516012,0.39188607274585335,6104102,0.3671129765292189,3597104,0.21633707240232217
middlesex,9403075,5038119,0.5357948330732234,5038119,0.5357948330732234,1578096,0.167827652124438,2786860,0.2963775148023386
cook,13114434,6419175,0.48947404058764565,5997237,0.45730048281153424,3106428,0.2368709164268927,3588831,0.27365504298546167
