county_key,sale_year,n_qualified_sales,n_strict_prehistory_match,share_with_strict_prehistory_match,median_history_lag_days,p90_history_lag_days,share_lag_gt_1yr,share_lag_gt_2yr,share_lag_gt_3yr
wayne,2016,18265,17824,0.9758554612647139,200.0,333.0,0.003478456014362657,0.0030857271095152605,0.0030296229802513463
wayne,2017,20467,19890,0.9718082767381638,200.0,326.0,5.0276520864756156e-05,5.0276520864756156e-05,5.0276520864756156e-05
wayne,2018,21394,20713,0.9681686454146022,222.0,527.0,0.16395500410370298,0.0003379520108144643,0.0003379520108144643
wayne,2019,22207,21627,0.9738821092448328,193.0,326.0,0.0,0.0,0.0
wayne,2020,21878,21450,0.9804369686443002,220.0,336.0,0.0041025641025641026,4.662004662004662e-05,4.662004662004662e-05
wayne,2021,27074,26626,0.9834527591046761,197.0,328.0,0.0010516036956358446,0.0006384736723503342,0.00026290092390896116
wayne,2022,23951,23622,0.9862636215606864,180.0,321.0,0.00016933367200067733,0.0,0.0
wayne,2023,20045,19883,0.9919181840858069,187.0,324.0,0.0,0.0,0.0
wayne,2024,21045,20793,0.9880256593014968,193.0,331.0,0.0028374933871976146,4.809310825758669e-05,4.809310825758669e-05
