county_key,family,role,rho_tilde,target_A_beta,R2_price_2025,R2_price_cv_mean,R2_price_2025_minus_cv,R2_log_2025,R2_log_cv_mean,R2_log_2025_minus_cv,NMSE_2025,NMSE_cv_mean,NMSE_2025_minus_cv,RMSE_log_2025,RMSE_log_cv_mean,RMSE_log_2025_minus_cv,MAE_2025,MAE_cv_mean,MAE_2025_minus_cv,MAPE_2025,MAPE_cv_mean,MAPE_2025_minus_cv,median_ratio_2025,median_ratio_cv_mean,median_ratio_2025_minus_cv,mean_ratio_2025,mean_ratio_cv_mean,mean_ratio_2025_minus_cv,weighted_mean_ratio_2025,weighted_mean_ratio_cv_mean,weighted_mean_ratio_2025_minus_cv,COD_2025,COD_cv_mean,COD_2025_minus_cv,COV_2025,COV_cv_mean,COV_2025_minus_cv,PRD_2025,PRD_cv_mean,PRD_2025_minus_cv,PRB_2025,PRB_cv_mean,PRB_2025_minus_cv,MKI_2025,MKI_cv_mean,MKI_2025_minus_cv,VEI_2025,VEI_cv_mean,VEI_2025_minus_cv,beta_log_2025,beta_log_cv_mean,beta_log_2025_minus_cv,Delta_NL_2025,Delta_NL_cv_mean,Delta_NL_2025_minus_cv,dCor_2025,dCor_cv_mean,dCor_2025_minus_cv,Delta_NMSE_2025,Delta_NMSE_cv_mean,Delta_NMSE_2025_minus_cv,Delta_R2_price_2025,Delta_R2_price_cv_mean,Delta_R2_price_2025_minus_cv,A_beta_2025,A_beta_cv_mean,A_beta_2025_minus_cv,I_PRD_2025,I_PRD_cv_mean,I_PRD_2025_minus_cv,I_PRB_2025,I_PRB_cv_mean,I_PRB_2025_minus_cv,I_MKI_2025,I_MKI_cv_mean,I_MKI_2025_minus_cv,I_VEI_2025,I_VEI_cv_mean,I_VEI_2025_minus_cv,I_beta_log_2025,I_beta_log_cv_mean,I_beta_log_2025_minus_cv,Delta_I_PRD_2025,Delta_I_PRD_cv_mean,Delta_I_PRD_2025_minus_cv,Delta_I_PRB_2025,Delta_I_PRB_cv_mean,Delta_I_PRB_2025_minus_cv,Delta_I_MKI_2025,Delta_I_MKI_cv_mean,Delta_I_MKI_2025_minus_cv,Delta_I_VEI_2025,Delta_I_VEI_cv_mean,Delta_I_VEI_2025_minus_cv,Delta_I_beta_log_2025,Delta_I_beta_log_cv_mean,Delta_I_beta_log_2025_minus_cv,fit_status_2025,present_in_2025,present_in_cv
wayne,direct,A_beta_0.25,2.324995953335248,0.25,0.8358027795690876,0.6339344553511976,0.20186832421788992,0.7988950295553578,0.7700629631477104,0.02883206640764746,0.2011049704446422,0.2299370368522895,-0.028832066407647294,0.2981063091822818,0.3007765389424168,-0.002670229760134979,42929.45765438596,38977.87716983557,3951.580484550388,0.2263859144635311,0.21959578116768882,0.006790133295842271,0.9811584991722264,0.9293616561926189,0.051796842979607516,1.0297018529701627,0.9805136428448511,0.049188210125311604,0.9789666168612464,0.9225091713189457,0.0564574455423007,23.010619047691858,22.61567282132098,0.39494622637087673,0.337287965278306,0.3353711315982676,0.0019168336800384211,1.051825297446386,1.063063637589562,-0.011238340143175929,-0.0439251672159389,-0.055072140166163255,0.011146972950224356,0.9383167057093542,0.898967572200458,0.03934913350889624,-15.88296633013383,-15.983966141778467,0.10099981164463756,-0.1370789117460243,-0.16939632193253398,0.03231741018650969,0.1345748325045856,0.1427566901590879,-0.0081818576545023,0.3546385781404189,0.3803594520021732,-0.025720873861754312,0.0044555928334176,0.004769389747416453,-0.00031379691399885303,0.0028520861003797,0.011495481888612541,-0.008643395788232842,0.3316147819372679,0.25683751779248876,0.07477726414477914,0.0518252974463859,0.0630636375895618,-0.011238340143175894,0.0439251672159389,0.055072140166163255,-0.011146972950224356,0.0616832942906457,0.10103242779954204,-0.039349133508896336,15.88296633013383,15.983966141778467,-0.10099981164463756,0.1370789117460243,0.16939632193253398,-0.03231741018650969,-0.0376515643727461,-0.02925274669864597,-0.008398817674100133,-0.066423033258279,-0.058408325413138514,-0.008014707845140488,-0.075386724274634,-0.06438959227978011,-0.010997131994853887,-19.139131773112,-15.648739632394715,-3.490392140717283,-0.068010770134341,-0.0569289680151196,-0.011081802119221391,OK,True,True
wayne,direct,A_beta_0.5,100.77003873690816,0.5,0.7262065969897791,0.586489555311655,0.13971704167812404,0.7662773025656893,0.7274236622707583,0.03885364029493099,0.2337226974343107,0.2725763377292417,-0.03885364029493102,0.3213736092878516,0.3273546894171562,-0.0059810801293045945,52340.72094776045,44227.41436607604,8113.30658168441,0.2520196547318026,0.23886834187320932,0.013151312858593278,1.0088145751602935,0.926826537803647,0.0819880373566465,1.0512997397765158,0.978775446121493,0.07252429365502278,1.0363247813191092,0.9467699143511332,0.08955486696797599,24.9715816580716,24.848067993176137,0.12351366489546223,0.3596029223705124,0.366299333667737,-0.0066964112972245915,1.0144500630761193,1.0343176731231514,-0.01986761004703208,0.0245977439902912,0.013205661921021053,0.011392082069270148,1.013541871717208,0.9617266513104465,0.05181522040676145,3.935004799199553,1.892332387233181,2.0426724119663717,-0.0690486774142162,-0.11304072732436898,0.04399204991015278,0.134573795020215,0.1378247022237115,-0.0032509072034964948,0.2404303684319192,0.26797971050445024,-0.02754934207253104,0.0370733198230861,0.047408690624368685,-0.010335370801282585,-0.1067440964789286,-0.035949418150930036,-0.07079467832799857,0.6633244696605738,0.5064763234313908,0.15684814622918297,0.0144500630761192,0.03431767312315141,-0.019867610047032212,0.0245977439902912,0.026898404936100462,-0.0023006609458092603,0.0135418717172079,0.04568924985028035,-0.032147378133072446,3.935004799199553,7.215312351880833,-3.28030755268128,0.0690486774142162,0.11304072732436898,-0.04399204991015278,-0.0750267987430128,-0.05799871116505635,-0.017028087577956444,-0.0857504564839266,-0.0865820606432013,0.0008316041592747042,-0.1235281468480717,-0.11973277022904182,-0.003795376619029886,-31.08709330404628,-24.41739342229235,-6.669699881753932,-0.1360410044661491,-0.1132845626232846,-0.022756441842864517,OK,True,True
wayne,surrogate,A_beta_0.25,1.4540962980907284,0.25,0.8345813691752293,0.620305373114386,0.21427599606084324,0.7780012195583608,0.7388892263731549,0.03911199318520586,0.2219987804416392,0.261110773626845,-0.03911199318520578,0.313209596216325,0.3205364398518898,-0.007326843635564795,43500.25958126511,41691.00872843399,1809.2508528311228,0.2247597577321005,0.22959368401936692,-0.004833926287266421,0.9388198959274408,0.899571912513472,0.039247983413968734,0.9791026585812076,0.948798232071817,0.03030442650939058,0.929782382570606,0.889948592525744,0.03983379004486198,23.17412816117705,23.44487226820453,-0.270744107027479,0.3477895651393908,0.35278288410287917,-0.004993318963488369,1.0530449672258189,1.0664037012751488,-0.013358734049329968,-0.0288032091377815,-0.0460064105390827,0.0172032014013012,0.9309584735972102,0.8903592019151771,0.040599271682033033,-19.41423066596018,-22.9988931508519,3.5846624848917195,-0.1241600755098206,-0.16869200629116812,0.044531930781347526,0.1213040543586464,0.1379027430639556,-0.016598688705309214,0.3224182653126644,0.3690890941665436,-0.04667082885387924,0.0249721868841923,0.036230271784776946,-0.011258084900584647,0.0028600413848333,-0.0022829757253954768,0.005143017110228777,0.3961934824826636,0.2536408113700134,0.14255267111265024,0.0530449672258188,0.06640370127514879,-0.013358734049329989,0.0288032091377815,0.0460064105390827,-0.0172032014013012,0.0690415264027898,0.10964079808482295,-0.04059927168203316,19.41423066596018,22.9988931508519,-3.5846624848917195,0.1241600755098206,0.16869200629116812,-0.044531930781347526,-0.0366141553889503,-0.025597549107436036,-0.011016606281514262,-0.0817331849403357,-0.06637902634840516,-0.015354158591930539,-0.0682601205293348,-0.05549852513561395,-0.012761595393720855,-14.889838803543553,-8.445942652162264,-6.4438961513812885,-0.0814688335988919,-0.05667657893108765,-0.02479225466780425,OK,True,True
philadelphia,direct,A_beta_0.25,1.682223294727388,0.25,0.753627307401834,0.6305890346903802,0.12303827271145384,0.7143618184602927,0.6522742576614332,0.062087560798859465,0.2856381815397074,0.3477257423385667,-0.0620875607988593,0.3180968239050644,0.33895525373000457,-0.020858429824940183,81341.76760555926,64473.79634564804,16867.971259911217,0.2478739874414899,0.255835321447935,-0.007961334006445137,0.9925106226195364,0.964883183765543,0.027627438853993325,1.0812219492016342,1.038377716140982,0.042844233060652215,1.0040317870022388,0.968300258552149,0.03573152845008987,24.96315094781013,25.54458417559933,-0.5814332277891978,0.4217542978984634,0.416093272880805,0.0056610250176584165,1.07688019761791,1.0717381773205044,0.005142020297405736,-0.1047958211191255,-0.08386619558056246,-0.020929625538563035,0.8667626798627118,0.8656497009931544,0.0011129788695574128,-20.010135682864256,-18.020670290819048,-1.989465392045208,-0.2285224577604394,-0.23476156410584526,0.006239106345405865,0.0871402192289028,0.08688602895787986,0.00025419027102294156,0.4418585857071251,0.41373333359593495,0.028125252111190158,0.0051323112494692,0.01384036220329506,-0.00870805095382586,0.0048717954303156,-1.8068426295216565e-05,0.0048898638566108165,0.2517714469036833,0.26284534106835733,-0.011073894164674025,0.0768801976179098,0.07173817732050436,0.005142020297405445,0.1047958211191255,0.08427583770130002,0.020519983417825474,0.1332373201372881,0.13435029900684545,-0.0011129788695573573,20.010135682864256,18.020670290819048,1.989465392045208,0.2285224577604394,0.23476156410584526,-0.006239106345405865,-0.0395784680662503,-0.03624265695935915,-0.0033358111068911497,-0.0935391098139973,-0.09582098624032127,0.0022818764263239782,-0.0990237809698469,-0.0986798802216508,-0.0003439007481960965,-20.879868283314405,-25.101813743769117,4.221945460454712,-0.0768955282476708,-0.0784781340897723,0.0015826058421015005,OK,True,True
philadelphia,direct,A_beta_0.5,10.943842845734338,0.5,0.5830931565692197,0.4986289437201648,0.08446421284905486,0.6844520697857674,0.6075471917673472,0.07690487801842028,0.3155479302142326,0.3924528082326528,-0.07690487801842016,0.3343365609997759,0.36037059480983075,-0.02603403381005487,97749.34675580153,74828.80118812693,22920.54556767459,0.2717030444401362,0.2778844181863797,-0.0061813737462435014,1.040542891301282,0.9933951583392623,0.047147732962019684,1.128745772434493,1.0641932565267835,0.06455251590770938,1.0920075126509028,1.0265292853819847,0.06547822726891805,25.818577205205195,26.943380181950282,-1.1248029767450873,0.4288259725100115,0.4366214950585982,-0.007795522548586731,1.0336428635865391,1.035729635228027,-0.00208677164148785,-0.0135998952878409,0.006867234250805786,-0.020467129538646683,0.974771788443082,0.9634468828438763,0.011324905599205737,3.31997096740211,4.875630799094956,-1.5556598316928456,-0.1467340724514261,-0.15655906488476792,0.009824992433341811,0.0948506761012143,0.09460060642748415,0.00025006967373014666,0.3229642832438177,0.3111786296218044,0.011785653622013281,0.0350420599239944,0.058567428097381226,-0.023525368173386824,-0.1656623554022986,-0.1319781593965105,-0.03368419600578809,0.5195630932897002,0.5245081492984159,-0.004945056008715754,0.0336428635865391,0.04195846502363941,-0.008315601437100313,0.0135998952878409,0.031552609477171305,-0.017952714189330407,0.0252282115569181,0.06700996832630203,-0.041781756769383935,3.31997096740211,7.80958545527622,-4.4896144878741095,0.1467340724514261,0.15655906488476792,-0.009824992433341811,-0.082815802097621,-0.0660223692562241,-0.016793432841396908,-0.1847350356452819,-0.14854421446445001,-0.03619082118083189,-0.207032889550217,-0.16602021090219424,-0.04101267864802277,-37.57003299877656,-35.312898579311934,-2.2571344194646272,-0.1586839135566841,-0.15668063331084967,-0.0020032802458344323,OK,True,True
philadelphia,surrogate,A_beta_0.25,0.8510216356751962,0.25,0.7399688966876674,0.6261896555478019,0.11377924113986548,0.703748261887895,0.617974534133755,0.08577372775413994,0.296251738112105,0.3820254658662448,-0.08577372775413983,0.3239527392584598,0.3555422527213237,-0.03158951346286393,79093.55429673866,66582.97528719198,12510.57900954668,0.2440131479139714,0.2619778338360311,-0.017964685922059714,0.949554224234894,0.9380295022485559,0.011524721986338138,1.035524385804957,1.0061814566124903,0.029342929192466727,0.9446425519396532,0.9315352794354457,0.013107272504207512,25.1730211975066,26.158668053247464,-0.985646855740864,0.426632933629291,0.4210669793067853,0.005565954322505673,1.0962076434929744,1.0791781925240345,0.01702945096893993,-0.1126817372155446,-0.07523758213654905,-0.03744415507899555,0.809002745653713,0.8372484937633599,-0.028245748109646862,-22.04368531488635,-19.818013420296943,-2.225671894589407,-0.2391669052205721,-0.23503194190726523,-0.004134963313306872,0.051490785266419,0.06958400374985352,-0.018093218483434516,0.4437817687157917,0.3933726856120986,0.05040908310369313,0.0157559621853364,0.04784601056038633,-0.03209004837504993,-0.0066457450999563,-0.005598612682281689,-0.0010471324176746111,0.2235357925501734,0.2611366802403455,-0.037600887690172086,0.0962076434929743,0.07917819252403446,0.017029450968939833,0.1126817372155446,0.07556531949895907,0.037116417716585526,0.190997254346287,0.16275150623664006,0.028245748109646945,22.04368531488635,19.818013420296943,2.225671894589407,0.2391669052205721,0.23503194190726523,0.004134963313306872,-0.022485674791018,-0.028790582104045975,0.0063049073130279736,-0.0889381971029978,-0.10534955356489227,0.01641135646189447,-0.0480221768247324,-0.06996194856388431,0.02193977173915191,-19.88336946516476,-22.442296818019333,2.5589273528545746,-0.0688536099891087,-0.07859650957500093,0.009742899585892237,OK,True,True
philadelphia,surrogate,A_beta_0.5,21.1737608329182,0.5,0.7272682447694188,0.5973182709346216,0.12994997383479712,0.6248596473035094,0.49824457679877804,0.12661507050473136,0.3751403526964906,0.5017554232012219,-0.1266150705047313,0.3645424384284334,0.4076169288712944,-0.04307449044286099,84867.24738548782,74133.86794577345,10733.379439714365,0.2631695315998242,0.28844986608159906,-0.025280334481774858,0.9626854038037816,0.920203621881979,0.04248178192180263,1.0296508316746389,0.9748989907207076,0.05475184095393126,0.9555766586829078,0.9230082091902314,0.032568449492676343,27.02734698149141,29.288972643116402,-2.2616256616249935,0.4548203308915901,0.4527760153559424,0.002044315535647656,1.0775177714091813,1.0547940353680154,0.022723736041165843,-0.0131366147640471,0.02621571039604591,-0.03935232516009301,0.8421514727399979,0.9010957135197639,-0.05894424077976601,3.1769966782656147,-4.616922613912033,7.793919292177648,-0.1592677577415816,-0.15661925188126047,-0.002648505860321143,0.0282457203711716,0.0805360888432837,-0.0522903684721121,0.3130422410919557,0.28787684170205746,0.025165399389898258,0.094644576769722,0.16757596789536347,-0.07293139112564147,-0.0193463970182049,-0.03446999729546192,0.01512360027725702,0.4829313312681065,0.5159005813076953,-0.03296925003958884,0.0775177714091812,0.05479403536801559,0.022723736041165614,0.0131366147640471,0.03183116431975029,-0.01869454955570319,0.1578485272600021,0.11435933373110371,0.04348919352889838,3.1769966782656147,9.700818982412205,-6.52382230414659,0.1592677577415816,0.15661925188126047,0.002648505860321143,-0.0411755468748111,-0.05317473926006485,0.011999192385253751,-0.1884833195544953,-0.14908370874410104,-0.03939961081039425,-0.0811709039110173,-0.11835412106942066,0.03718321715840335,-38.75005810178549,-32.55949125590407,-6.1905668458814205,-0.1487527574680992,-0.15700919960100573,0.008256442132906522,OK,True,True
st_louis_county,direct,A_beta_0.25,2.2095594288809,0.25,0.8280112482670202,0.7372987436951496,0.09071250457187063,0.8441095259486084,0.8338785904446218,0.010230935503986682,0.1558904740513915,0.16612140955537824,-0.010230935503986738,0.3161505867743535,0.3064694898624812,0.0096810969118723,70338.28034236147,59971.246818213534,10367.033524147933,0.2258063394215808,0.21248453433169076,0.013321805089890032,0.9216879212187336,0.9423452778696556,-0.020657356650922054,0.9792230074529786,0.9969374993893706,-0.017714491936391963,0.9271385420938244,0.9311520262065753,-0.004013484112750931,23.265080351221297,21.650648022642066,1.6144323285792304,0.4876299043031531,0.4172685316365493,0.0703613726666038,1.0561776509059024,1.071921674815588,-0.015744023909685545,-0.0048214752186375,-0.02631164499670727,0.021490169778069772,0.953909425856546,0.9206964301110261,0.033212995745519946,-11.36084057211978,-19.003682708661994,7.642842136542214,-0.0831971724109395,-0.11717366362671881,0.03397649121577931,0.1113282662262173,0.0958759619760604,0.015452304250156909,0.2553060888754521,0.29551917405916145,-0.04021308518370936,0.0044164731475911,0.002374150190356064,0.0020423229572350357,0.0156308985555032,0.010625290128439747,0.005005608427063452,0.3875926290466378,0.2647710735152319,0.12282155553140595,0.0561776509059024,0.07192167481558806,-0.015744023909685663,0.0048214752186375,0.0284384227813373,-0.0236169475626998,0.046090574143454,0.07930356988897393,-0.033212995745519926,11.36084057211978,19.003682708661994,-7.642842136542214,0.0831971724109395,0.11717366362671881,-0.03397649121577931,-0.0405961862091373,-0.027965980067720504,-0.012630206141416793,-0.0479082693900701,-0.034443914308687894,-0.013464355081382204,-0.0514565017014305,-0.03995099024835393,-0.011505511453076565,-17.50440879688139,-12.04110668073999,-5.463302116141399,-0.0526554909582533,-0.03944861851315105,-0.013206872445102255,OK,True,True
st_louis_county,direct,A_beta_0.5,104.27982456568364,0.5,0.7967934786797607,0.7111319383045015,0.0856615403752592,0.8255446908017829,0.806938579832441,0.01860611096934195,0.174455309198217,0.1930614201675589,-0.018606110969341894,0.334446225371137,0.33036293998060373,0.0040832853905332644,77852.31152316145,66636.79170838105,11215.519814780404,0.2436196984883757,0.23233735120352236,0.011282347284853333,0.954023494483074,0.947073575277613,0.006949919205460953,1.008147111133106,1.0018159858757916,0.006331125257314385,0.9925595087462752,0.9594400236646833,0.033119485081591904,25.17664847232192,23.797571320231313,1.3790771520906056,0.5160408211724614,0.45773683492853295,0.05830398624392846,1.0157044512187687,1.0452030706487216,-0.02949861942995291,0.044076507078457,0.0178147283842191,0.0262617786942379,1.0052106132258654,0.9585241150203143,0.04668649820555104,6.750659465611721,-4.795726360505663,11.546385826117383,-0.0289003775454093,-0.0782483265379846,0.049347948992575295,0.1058913929295467,0.09107111719280339,0.014820275736743313,0.1973825371933215,0.2112209470673978,-0.013838409874076307,0.0229813082944165,0.029314160802536748,-0.006332852508120247,-0.0155868710317562,-0.015541515262208474,-4.5355769547726285e-05,0.7872667577604296,0.5133645402157618,0.2739022175446678,0.0157044512187687,0.04520307064872173,-0.02949861942995303,0.044076507078457,0.024105526325114847,0.019970980753342152,0.0052106132258653,0.041475884979685754,-0.03626527175382045,6.750659465611721,7.012737767056171,-0.26207830144444966,0.0289003775454093,0.0782483265379846,-0.049347948992575295,-0.081069385896271,-0.05468458423458684,-0.026384801661684158,-0.0086532375302505,-0.03877681076491036,0.03012357323465986,-0.0923364626190192,-0.0777786751576421,-0.014557787461377106,-22.114589903389447,-24.032051622345815,1.9174617189563676,-0.1069522858237835,-0.07837395560188529,-0.028578330221898207,OK,True,True
st_louis_county,surrogate,A_beta_0.25,0.7806083208363971,0.25,0.8068850175434333,0.7339048451554738,0.07298017238795951,0.824974849819325,0.8237939454509317,0.001180904368393354,0.175025150180675,0.17620605454906832,-0.0011809043683933262,0.334991997785721,0.31564923130119993,0.019342766484521046,76895.47007137726,61816.367041189595,15079.103030187667,0.2395580755343229,0.22100726450835215,0.018550811025970754,0.8850062027574754,0.9295879873343456,-0.04458178457687012,0.9472484993381128,0.9876215119070285,-0.04037301256891568,0.8868744860736895,0.9178376135199676,-0.03096312744627816,24.297849415399483,22.524117123029697,1.773732292369786,0.5314622042497508,0.48610323285714097,0.045358971392609804,1.068075036786442,1.0772173893803396,-0.009142352593897618,-0.0058963874312226,-0.019131139214013895,0.013234751782791297,0.9365291820248572,0.9115919149326573,0.0249372670921999,-16.104717468891366,-22.31935055650885,6.214633087617486,-0.0903787099939893,-0.11725494262585766,0.026876232631868363,0.1065922405380487,0.09714793802858214,0.009444302509466554,0.2623593684539386,0.2904237679758314,-0.028064399521892824,0.0241981212926328,0.012195456708931268,0.012002664583701531,-0.0072347753036845,0.007964816239197602,-0.015199591542882102,0.3379890221663796,0.2604899307303483,0.07749909143603129,0.068075036786442,0.07721738938033965,-0.009142352593897646,0.0058963874312226,0.028733377454863058,-0.02283699002364046,0.0634708179751428,0.08840808506734274,-0.02493726709219994,16.104717468891366,22.31935055650885,-6.214633087617486,0.0903787099939893,0.11725494262585766,-0.026876232631868363,-0.0294222519249971,-0.02264960351061754,-0.006772648414379561,-0.0468935195742616,-0.033996743272217585,-0.012896776302044013,-0.0353364639067917,-0.030884805068767493,-0.00445165883802421,-12.21916859487673,-8.614920691970955,-3.604247902905776,-0.0461427572024409,-0.03926630370578711,-0.006876453496653785,OK,True,True
st_louis_county,surrogate,A_beta_0.5,9.0756482681946,0.5,0.8036209819878156,0.728288087140069,0.07533289484774663,0.7923171565991357,0.792785197834675,-0.0004680412355393404,0.2076828434008642,0.2072148021653249,0.00046804123553931265,0.3649089488347624,0.3423061717712979,0.022602777063464474,79412.40991204404,65563.41573449192,13848.994177552115,0.2543183108904505,0.237942020170505,0.01637629071994548,0.8929473788875664,0.9186907663359277,-0.025743387448361355,0.9432832062501406,0.969352850784352,-0.026069644534211345,0.9003042656563609,0.9192456388239899,-0.018941373167629005,26.18281198773301,24.362692560594517,1.8201194271384935,0.5560713719700272,0.49762612997991285,0.05844524199011436,1.047738239430029,1.0555547090154338,-0.007816469585404828,0.035272341857637,0.02189568329976225,0.013376658557874753,0.9571682865483604,0.941550277406778,0.0156180091415824,-13.222671990104685,-18.0504681120121,4.827796121907417,-0.0487340875449672,-0.07803132538653666,0.029297237841569464,0.1314070770154056,0.12656970746301696,0.004837369552388643,0.2248613739458332,0.24056437737557715,-0.015703003429743956,0.056855814512822,0.04320420432518787,0.013651610187634125,-0.0104988108593022,0.0023480582237927873,-0.012846869083094986,0.6430298578988495,0.5163845168501011,0.12664534104874836,0.0477382394300289,0.055554709015433884,-0.007816469585404981,0.035272341857637,0.029857692910018302,0.0054146489476187,0.0428317134516395,0.05844972259322204,-0.01561800914158254,13.222671990104685,18.0504681120121,-4.827796121907417,0.0487340875449672,0.07803132538653666,-0.029297237841569464,-0.0497590492814101,-0.044312283875523294,-0.0054467654058868095,-0.0175175651478471,-0.032872427817062344,0.015354862669215243,-0.0559755684302951,-0.060843167542888196,0.004867599112593095,-15.101214073663414,-12.8838031364677,-2.217410937195714,-0.087787379651463,-0.07848992094510811,-0.009297458706354886,OK,True,True
allegheny,direct,A_beta_0.25,1.5387929691204567,0.25,0.7112781277873934,0.6951655258727204,0.016112601914673008,0.7574342881463774,0.7527729746105623,0.004661313535815115,0.2425657118536226,0.24722702538943775,-0.0046613135358151425,0.33796540913802,0.32128258024856954,0.01668282888945044,63140.13614240529,52313.26379956968,10826.87234283561,0.2608259928779003,0.2421418779023196,0.0186841149755807,0.9876718573130856,0.946790486618471,0.040881370694614616,1.058628063713374,1.0140308335732304,0.04459723014014361,0.989513954561737,0.9467688092759085,0.04274514528582851,26.38145041109014,24.900100116060006,1.4813502950301327,0.4945408731271838,0.43982365471679197,0.054717218410391844,1.0698465229651544,1.0710155128617815,-0.0011689898966271706,-0.043205631424891,-0.053755827934488576,0.010550196509597577,0.934073641455268,0.9097584067617359,0.02431523469353203,-18.62286086707488,-17.49116656105521,-1.1316943060196714,-0.1579677448052069,-0.17324776689225047,0.015280022087043571,0.1603859725957135,0.15045814622542877,0.00992782637028472,0.3617180881545357,0.3720883111134793,-0.010370222958943576,0.0075388873257329,0.005553282419055328,0.0019856049066775718,-0.0061017042554982,0.009491232463676615,-0.015592936719174815,0.2943574113355944,0.2524513700999976,0.041906041235596825,0.0698465229651543,0.07101551286178152,-0.001168989896627226,0.043205631424891,0.053755827934488576,-0.010550196509597577,0.0659263585447319,0.09024159323826403,-0.024315234693532126,18.62286086707488,17.49116656105521,1.1316943060196714,0.1579677448052069,0.17324776689225047,-0.015280022087043571,-0.0396509548912382,-0.0318466815858167,-0.007804273305421501,-0.0697990520573459,-0.06255294471823791,-0.007246107339107993,-0.0747342299525914,-0.06737336501911198,-0.0073608649334794135,-21.24772483647192,-16.87025456379462,-4.3774702726773,-0.0658959325618267,-0.05832781135072278,-0.007568121211103923,OK,True,True
allegheny,direct,A_beta_0.5,10.901527538039346,0.5,0.6228188939152919,0.6564799695335306,-0.03366107561823872,0.7340426494430374,0.7337156983184667,0.00032695112457070685,0.2659573505569626,0.2662843016815331,-0.0003269511245704848,0.3538861336593805,0.33340396033893666,0.02048217332044383,74751.99765515114,57173.27491858004,17578.722736571093,0.2822060799327563,0.253846139070918,0.028359940861838295,1.0188545188082003,0.9605514506239666,0.0583030681842337,1.0831264432896826,1.0238695974459242,0.05925684584375834,1.054497317726297,0.9855163399609522,0.06898097776534484,27.646316840153077,26.036807885209175,1.6095089549439017,0.5382767895833945,0.46138135165008715,0.07689543793330739,1.0271495480188757,1.0389338116406288,-0.01178426362175311,0.0280259600375016,0.005818069881924589,0.02220789015557701,1.015498506150097,0.977801381587088,0.037697124563009,2.8188127743262945,-0.2985665241989204,3.117379298525215,-0.0862361470723276,-0.11573080899629865,0.029494661923971044,0.1746332147738653,0.16320934609862783,0.011423868675237453,0.2840094704485993,0.29738250866295324,-0.013373038214353927,0.0309305260290728,0.0246105587111507,0.006319967317922101,-0.0945609381275998,-0.02919432387551333,-0.06536661425208648,0.6147827638382801,0.5000936911754947,0.11468907266278539,0.0271495480188754,0.03893381164062891,-0.01178426362175351,0.0280259600375016,0.013683207052455553,0.014342752985046048,0.0154985061500969,0.026348669668746515,-0.010850163518649614,2.8188127743262945,3.5252673044060288,-0.7064545300797342,0.0862361470723276,0.11573080899629865,-0.029494661923971044,-0.0823479298375171,-0.06392838280696932,-0.01841954703054778,-0.0849787234447353,-0.10262556560027095,0.01764684215553565,-0.1251620823472264,-0.1312662885886295,0.006104206241403093,-37.051772929220505,-30.8361538204438,-6.215619108776703,-0.137627530294706,-0.11584476924667458,-0.021782761048031424,OK,True,True
allegheny,surrogate,A_beta_0.25,0.9061823581597196,0.25,0.6931883662021425,0.7049894346215946,-0.011801068419452054,0.731859965588499,0.7375524218885906,-0.005692456300091631,0.2681400344115011,0.2624475781114093,0.005692456300091797,0.3553353194463687,0.3311432920462737,0.024192027400095018,63893.50962059789,53404.46167432144,10489.047946276449,0.2603594897195136,0.24327584439066105,0.017083645328852565,0.9438110332427014,0.9203402444613519,0.02347078878134956,1.0066279953516442,0.9821146992371212,0.02451329611452291,0.941927987888822,0.9129347802136362,0.028993207675185872,26.97798077199856,25.023346756331858,1.9546340156667021,0.5418277629080582,0.43714990193232517,0.10467786097573306,1.068688910717938,1.0758519867584866,-0.007163076040548555,-0.0161956275972319,-0.05170698672230781,0.03551135912507591,0.9310534005841232,0.8948131584294297,0.03624024215469357,-20.80886662195484,-22.920543803678562,2.1116771817237208,-0.14195814106868,-0.17345275366101887,0.03149461259233888,0.1456964337708204,0.1348730251300131,0.010823408640807303,0.3284281421157816,0.36233888399252967,-0.033910741876748085,0.0327038094567968,0.020976338821349045,0.011727470635447757,-0.0231020289526155,0.018543534596147434,-0.041645563548762934,0.3723748905278707,0.249666507345069,0.1227083831828017,0.068688910717938,0.07585198675848677,-0.007163076040548763,0.0161956275972319,0.05170698672230781,-0.03551135912507591,0.0689465994158766,0.1051868415705704,-0.036240242154693805,20.80886662195484,22.920543803678562,-2.1116771817237208,0.14195814106868,0.17345275366101887,-0.03149461259233888,-0.0416500747198931,-0.0268918939998769,-0.014758180720016199,-0.0986580283368271,-0.06460299437852256,-0.034055033958304545,-0.0728746621067982,-0.05191757302929365,-0.02095708907750455,-19.101807539829505,-11.668124030037365,-7.433683509792139,-0.0842248763508675,-0.05832091962147647,-0.025903956729391032,OK,True,True
allegheny,surrogate,A_beta_0.5,7.358361605270623,0.5,0.6466258917907923,0.6958521430439069,-0.04922625125311453,0.6547102939868406,0.6798999382089588,-0.025189644222118224,0.3452897060131595,0.3201000617910411,0.02518964422211839,0.4032267752169989,0.365573892085632,0.03765288313136689,69738.21740728634,57310.299895015734,12427.917512270607,0.2796682834695409,0.2586274443561724,0.021040839113368515,0.9239122788069164,0.9016350877650061,0.022277191041910283,0.961607029312644,0.9476805306492752,0.013926498663368814,0.9275882152012722,0.9020834733196037,0.025504741881668513,29.29880743768864,26.810964999341547,2.4878424383470943,0.5909136442222325,0.45859746705192317,0.1323161771703093,1.0366744785605004,1.0506278689113082,-0.013953390350807782,0.055365267387474,0.010776076289809401,0.0445891910976646,0.9906008237292994,0.9478536262969686,0.0427471974323308,-9.770791964918336,-15.966461530307809,6.195669565389473,-0.0726061051795855,-0.11577000392740583,0.043163898747820326,0.1667479428729108,0.15285136603611954,0.013896576836791269,0.275663633082357,0.2860025081449146,-0.010338875062557651,0.1098534810584552,0.07862882250098086,0.031224658557474347,-0.0696645033639657,0.009406243018459668,-0.07907074638242537,0.6789940022556679,0.5008603814084848,0.1781336208471831,0.0366744785605004,0.050627868911308126,-0.013953390350807726,0.055365267387474,0.014223454843813432,0.04114181254366057,0.0093991762707006,0.0521463737030315,-0.042747197432330894,9.770791964918336,15.966461530307809,-6.195669565389473,0.0726061051795855,0.11577000392740583,-0.043163898747820326,-0.0736645068773307,-0.05211601184705554,-0.021548495030275158,-0.059488388546585,-0.10208652625701695,0.042598137710431944,-0.1324220852519743,-0.10495804089683256,-0.027464044355141742,-30.139882196866004,-18.622206303408113,-11.517675893457891,-0.153576912239962,-0.11600366935508949,-0.037573242884872515,OK,True,True
maricopa,direct,A_beta_0.25,1.573918650009398,0.25,0.3017186126128425,0.4495474132423883,-0.1478288006295458,0.8371485350167277,0.8067185572239939,0.03042997779273382,0.1628514649832722,0.19328144277600612,-0.03042997779273393,0.2343521289440244,0.22116308281518463,0.013189046128839782,120056.71800616966,86853.79638055502,33202.92162561463,0.1558176988740121,0.15414019461134948,0.0016775042626626102,1.025100903218331,0.9220662818519592,0.10303462136637176,1.0703593998881482,0.9488710592940769,0.12148834059407132,0.9929742001034344,0.9131752302243015,0.07979896987913293,15.005562065035008,13.183344644972655,1.822217420062353,0.4628374173601312,0.30447574968798496,0.1583616676721462,1.0779327396186658,1.0387122862464009,0.039220453372264874,-0.0312573896768345,-0.011925473174050277,-0.019331916502784225,0.8718782367648348,0.9250585104486165,-0.053180273683781754,-7.779978268165012,1.1331525902173278,-8.91313085838234,-0.1452091112771052,-0.09578812743638503,-0.049420983840720176,0.1760072998462133,0.14314982510571186,0.032857474740501436,0.267186778014959,0.1824208899223503,0.08476588809260868,0.0027961371063358,-0.0007116340798950006,0.0035077711862308006,0.0050869989403058,0.01019849901932003,-0.00511150007901423,0.1756466958886063,0.25714676572428063,-0.08150006983567434,0.0779327396186657,0.03871228624640101,0.039220453372264694,0.0312573896768345,0.015945815546740086,0.015311574130094416,0.1281217632351652,0.07494148955138337,0.05318027368378182,7.779978268165012,3.072620562122282,4.70735770604273,0.1452091112771052,0.09578812743638503,0.049420983840720176,-0.0165454676561216,-0.012632443124591157,-0.003913024531530442,-0.0287139201204782,-0.023466895346018698,-0.005247024774459503,-0.0366309232565082,-0.03816682713452409,0.0015359038780158873,-7.00725839624795,-2.595311512442292,-4.411946883805658,-0.0309400113780559,-0.03221251794813202,0.0012725065700761214,OK,True,True
maricopa,direct,A_beta_0.5,31.50085327472462,0.5,0.2930731944735624,0.4490793279554556,-0.15600613348189318,0.8267035307913171,0.7955368408436032,0.031166689947713877,0.1732964692086829,0.20446315915639668,-0.031166689947713766,0.2417508030916329,0.2281488379542242,0.013601965137408717,131829.94043158594,89835.93594896302,41994.00448262293,0.1678663778028303,0.16058903839235453,0.007277339410475786,1.0387923795458156,0.9282375504348831,0.1105548291109325,1.0889707030124185,0.9578733572674208,0.13109734574499765,1.0290378496865098,0.933806726143366,0.09523112354314378,15.727687643195525,14.180117948789144,1.5475696944063806,0.4757371343069749,0.31786604656667083,0.15787108774030406,1.0582416413003335,1.0253686026993596,0.0328730386009739,0.0023586940012507,0.01963311731072876,-0.017274423309478062,0.9155028543053904,0.9651538958973297,-0.04965104159193934,-0.0827296652753674,8.289863731224917,-8.372593396500285,-0.1100842185218635,-0.06394576340291439,-0.04613845511894911,0.1848547910009604,0.13888121819120594,0.04597357280975445,0.1976331704852808,0.15631061731611504,0.04132255316916578,0.0132411413317465,0.010470082300495547,0.0027710590312509525,-0.0035584191989742,0.009730413732387255,-0.013288832931361455,0.3750509973451857,0.511665396527816,-0.13661439918263024,0.0582416413003337,0.02536860269935962,0.03287303860097408,0.0023586940012507,0.02035471152820363,-0.017996017526952932,0.0844971456946095,0.035657026734659904,0.0488401189599496,0.0827296652753674,8.289863731224917,-8.20713406594955,0.1100842185218635,0.06394576340291439,0.04613845511894911,-0.0362365659744536,-0.025976126671632547,-0.010260439302821053,-0.057612615796062,-0.019057999364555156,-0.038554616431506844,-0.0802555407970639,-0.07745128995124756,-0.0028042508458163418,-14.704506999137594,2.6219316566603434,-17.326438655797936,-0.0660649041332976,-0.06405488198160267,-0.0020100221516949346,OK,True,True
maricopa,surrogate,A_beta_0.25,0.7886501202074718,0.25,0.3025510279935309,0.3941897221112165,-0.0916386941176856,0.8320305691145982,0.7897876746927842,0.04224289442181395,0.1679694308854017,0.21021232530721579,-0.04224289442181409,0.2380061579110877,0.23060117539747826,0.007404982513609437,120747.62412731865,90183.93282760751,30563.691299711136,0.1590910675541742,0.16147591564914998,-0.002384848094975772,1.0157135159178057,0.9160453825119846,0.09966813340582104,1.0609954081105508,0.9440562310711293,0.11693917703942147,0.9823741867365444,0.9061994755585823,0.07617471117796215,15.586179842516174,13.892766647538984,1.6934131949771896,0.4676907488328675,0.37482434568025536,0.09286640315261213,1.080031847778072,1.0414942108768679,0.03853763690120404,-0.0271947576650699,0.000978527383421867,-0.028173285048491765,0.8670285010266034,0.9173651661477751,-0.05033666512117163,-5.5750638180750185,1.942225520462743,-7.517289338537761,-0.1421319539932205,-0.09569097813519002,-0.04644097585803049,0.1584053586828443,0.12491936648931236,0.03348599219353195,0.2522314187036152,0.16834367904338807,0.08388773966022714,0.0078335806682447,0.016297669076664318,-0.008464088408419617,0.0046084263779782,-0.04584758474013512,0.05045601111811332,0.1935394282955641,0.25170567178213965,-0.058166243486575564,0.0800318477780719,0.041494210876867874,0.03853763690120403,0.0271947576650699,0.021225482465735704,0.0059692751993341946,0.1329714989733965,0.08263483385222492,0.050336665121171575,5.5750638180750185,2.2878655461146526,3.287198271960366,0.1421319539932205,0.09569097813519002,0.04644097585803049,-0.0148565321097986,-0.009681040944571794,-0.005175491165226805,-0.0322410255669216,-0.017949368077711608,-0.014291657489209991,-0.0325946016078139,-0.029960874785918953,-0.002633726821894944,-9.00347063354792,-3.3246256327453807,-5.678845000802539,-0.0341097111049601,-0.03199512579819214,-0.0021145853067679604,OK,True,True
maricopa,surrogate,A_beta_0.5,7.395114477709864,0.5,0.2974286386413748,0.4217210772509698,-0.12429243860959499,0.8062601286136384,0.7574388057138115,0.04882132289982688,0.1937398713863615,0.2425611942861884,-0.04882132289982688,0.2556127848104866,0.2480081023519213,0.007604682458565298,129362.3008930225,94187.22406199813,35175.07683102437,0.1783117230214767,0.17413483105124716,0.004176891970229524,1.0208645457916443,0.915286891332338,0.10557765445930634,1.0600498205530562,0.941359525470541,0.11869029508251516,0.9886596185191072,0.9094557344355588,0.07920388408354839,17.360588012188437,15.325137925221437,2.035450086967,0.4762645629909438,0.35799747902600687,0.1182670839649369,1.0722090805538138,1.0347486677486375,0.03746041280517631,0.0063553110114803,0.02908398365924868,-0.02272867264776838,0.8865182250829725,0.9415823010586366,-0.055064075975664095,5.647252075855256,8.296790965233772,-2.6495388893785154,-0.1079491544401484,-0.06377172986125046,-0.044177424578897936,0.1495815853248322,0.12517720787059874,0.02440437745423346,0.1528985090203909,0.14089332851779385,0.012005180502597051,0.0336040211692044,0.048646538055636845,-0.015042516886432447,-0.0005139629741779,-0.01831622960038176,0.01780226662620386,0.3874935624330824,0.5012001949210849,-0.1137066324880025,0.0722090805538138,0.03474866774863758,0.037460412805176216,0.0063553110114803,0.02908398365924868,-0.02272867264776838,0.1134817749170274,0.05841769894136333,0.055064075975664074,5.647252075855256,8.296790965233772,-2.6495388893785154,0.1079491544401484,0.06377172986125046,0.044177424578897936,-0.0226792993340567,-0.016426584072802095,-0.006252715261254604,-0.0530804722205112,-0.010090866884198631,-0.042989605336312575,-0.0520843256641829,-0.05417800969678054,0.0020936840325976452,-8.931282375767681,2.6842997863737397,-11.615582162141422,-0.0682925106580322,-0.06391437407213173,-0.004378136585900472,OK,True,True
king,direct,A_beta_0.25,1.8929929558787704,0.25,0.7440188888866108,0.5397044258070026,0.2043144630796082,0.8218264670409894,0.7603823304612527,0.061444136579736686,0.1781735329590106,0.23961766953874722,-0.06144413657973663,0.2414534659105323,0.2670519317107893,-0.025598465800256986,219813.37592233293,205175.4257220451,14637.950200287829,0.17900209747338,0.18703149933718452,-0.00802940186380452,1.0233264149115646,0.9190995148539542,0.10422690005761037,1.068088105081994,0.9594915736200292,0.10859653146196468,1.020346111555734,0.9023645704802934,0.11798154107544057,17.360420964862087,17.635735017266718,-0.2753140524046316,0.5459152507080467,0.49093537457706615,0.05497987613098054,1.0467899989871745,1.0634443808223422,-0.016654381835167653,-0.0246888804012866,-0.025017706689539482,0.0003288262882528807,0.926903549094089,0.8769467712047587,0.049956777889330284,4.837348626324588,1.7026324967613644,3.1347161295632238,-0.1161424940528081,-0.1424941090479074,0.026351614995099304,0.1527217453147411,0.13776728696903026,0.014954458345710825,0.1752967807468268,0.2185899643483177,-0.0432931836014909,0.0077354131447704,0.0015993927017492059,0.006136020443021193,-0.00550126369087,0.01766216926493939,-0.023163432955809388,0.3280647166112379,0.2573130795204124,0.07075163709082555,0.0467899989871742,0.06344438082234213,-0.01665438183516793,0.0246888804012866,0.03169979985294123,-0.007010919451654631,0.0730964509059109,0.12305322879524136,-0.049956777889330464,4.837348626324588,3.9934273997266114,0.8439212265979767,0.1161424940528081,0.1424941090479074,-0.026351614995099304,-0.0235852236000113,-0.018361272896513677,-0.005223950703497623,-0.0518491063975806,-0.03822196302943183,-0.01362714336814877,-0.0625220342680314,-0.051680150417198215,-0.010841883850833192,-1.936055206027551,-4.668961201507759,2.732905995480208,-0.0567052442994157,-0.04794783083991867,-0.00875741345949703,OK,True,True
king,direct,A_beta_0.5,70.6301754096225,0.5,0.6285080522672666,0.5056166730122633,0.12289137925500326,0.7815297799442948,0.7233615216862397,0.05816825825805516,0.2184702200557052,0.27663847831376026,-0.05816825825805505,0.2673671034252194,0.2869026934956151,-0.01953559007039568,270508.38908351125,227031.04860371194,43477.34047979931,0.2123894479178677,0.2081700636810497,0.004219384236818002,1.0363431656040205,0.9233396604825362,0.11300350512148427,1.097389855347592,0.9754334927168871,0.12195636263070497,1.0747912045341683,0.9360230652247258,0.13876813930944254,20.23792109895672,20.25233318635092,-0.014412087394202189,0.6319385831175992,0.5261254627826354,0.10581312033496382,1.0210260846181916,1.0421043391516365,-0.021078254533444918,0.0430672858984862,0.034427529859488076,0.008639756038998123,0.9982489234614472,0.938135728433112,0.06011319502833523,21.17037158274908,12.908359487513426,8.262012095235654,-0.0532717153877837,-0.09519708252748099,0.041925367139697294,0.1529880509992645,0.13274542786536936,0.020242623133895132,0.1383153661697817,0.15929028326196057,-0.020974917092178857,0.048032100241465,0.038620201476762296,0.009411898764702706,-0.1210121003102142,-0.016425583529799857,-0.10458651678041433,0.6917997545375556,0.514674801516362,0.17712495302119358,0.0210260846181915,0.04210433915163661,-0.021078254533445112,0.0430672858984862,0.04023861056391671,0.002828675334569486,0.0017510765385526,0.0633708838660434,-0.061619807327490804,21.17037158274908,13.048172165376632,8.122199417372448,0.0532717153877837,0.09519708252748099,-0.041925367139697294,-0.049349137968994,-0.039701314567219204,-0.009647823401774794,-0.033470700900381,-0.029683152318456345,-0.0037875485819246525,-0.1338674086353898,-0.11136249534639617,-0.022504913288993622,14.39696775039694,4.385783564142262,10.011184186254678,-0.1195760229644401,-0.09524485736034509,-0.024331165604095012,OK,True,True
king,direct,A_beta_0.75,127.79009747619683,0.75,0.5050433463010588,-5.295932779750539,5.800976126051598,0.7546806560272985,0.4201162532465213,0.3345644027807772,0.2453193439727015,0.5798837467534788,-0.33456440278077726,0.2833203341389987,0.3744203230478338,-0.09109998890883508,296979.6434103187,421905.8755241906,-124926.2321138719,0.228661643151243,0.3546427985224362,-0.1259811553711932,1.0374077159785229,1.0087967769209416,0.028610939057581275,1.1021282328300506,1.1359914767593555,-0.033863243929304954,1.0846371969318511,1.1713352572132725,-0.08669806028142135,21.778612136746197,29.56324646297255,-7.784634326226353,0.6863088197029089,0.6411586596258442,0.04515016007706474,1.0161261626907845,1.007095216752072,0.009030945938712565,0.062915278649013,0.17684030878792945,-0.11392503013891644,1.0109528158236882,1.0469297613972957,-0.03597694557360742,25.17739710872708,48.42496836199612,-23.24757125326904,-0.0486209951800005,-0.00909129725900485,-0.03952969792099565,0.1324037674206465,0.10701793723888439,0.025385830181762103,0.1300384680150094,0.18702188600483718,-0.056983417989827784,0.0748812241584613,0.3418654699164807,-0.2669842457580194,-0.244476806276422,-5.817975036292603,5.573498230016181,0.7187062113539364,0.3228428054600631,0.3958634058938733,0.0161261626907844,0.05299854194701251,-0.03687237925622811,0.062915278649013,0.17684030878792945,-0.11392503013891644,0.0109528158236882,0.1267394371944057,-0.11578662137071749,25.17739710872708,48.42496836199612,-23.24757125326904,0.0486209951800005,0.1310550550676974,-0.0824340598876969,-0.0542490598964011,-0.028807111771843297,-0.025441948124557804,-0.0136227081498542,0.1069185459055564,-0.1205412540554106,-0.1246656693502542,-0.047993942018033864,-0.07667172733222033,18.40399327637494,39.76257976076175,-21.358586484386812,-0.1242267431722233,-0.05938688482012866,-0.06483985835209465,OK,True,True
king,surrogate,A_beta_0.25,1.0232585578110558,0.25,0.7295818556885458,0.5372041168132787,0.1923777388752671,0.794093175927766,0.7340183537334869,0.060074822194279065,0.205906824072234,0.26598164626651316,-0.06007482219427915,0.2595656494569908,0.2819376148760183,-0.02237196541902753,232758.91348664285,213712.5455046731,19046.367981969757,0.1983233715599049,0.19982172558721317,-0.001498354027308274,1.011920474850343,0.914409263860827,0.09751121098951598,1.0725223527568462,0.9607770142341436,0.11174533852270252,1.0204163387309473,0.8998212478575486,0.1205950908733987,19.567103147687035,19.35772603133297,0.20937711635406586,0.6291290015350156,0.5266963173055745,0.10243268422944107,1.0510634846269722,1.068189675034678,-0.0171261904077058,-0.0016229831864206,-0.011717388051006703,0.010094404864586102,0.9159713701562542,0.8634239704131609,0.052547399743093304,3.777433771559168,0.24772646709715646,3.5297073044620113,-0.1099072719416984,-0.14224057912184307,0.03233330718014467,0.1301094415101834,0.12115672858635326,0.008952712923830125,0.1438763332091557,0.19752351527613468,-0.05364718206697899,0.0347072239735079,0.028516445781540688,0.006190778191967214,-0.0220744278192059,0.014476006315238049,-0.03655043413444395,0.36546570969217,0.24860528994895195,0.11686041974321806,0.0510634846269721,0.0681896750346781,-0.017126190407706,0.0016229831864206,0.019726755514162607,-0.018103772327742008,0.0840286298437458,0.13657602958683915,-0.052547399743093345,3.777433771559168,3.590791261366358,0.18664251019280975,0.1099072719416984,0.14224057912184307,-0.03233330718014467,-0.0197099118999468,-0.013318408969166229,-0.006391502930780573,-0.0749844051724427,-0.04969216757406058,-0.025292237598382124,-0.0516041113932103,-0.03718134458204319,-0.01442276681116711,-3.845852228957765,-5.395710313119878,1.5498580841621128,-0.0633020780027772,-0.04777091912897344,-0.015531158873803769,OK,True,True
king,surrogate,A_beta_0.5,10.158165624074885,0.5,0.7105410684087068,0.5303390300822738,0.180202038326433,0.7380593433010909,0.6887228971843103,0.04933644611678056,0.2619406566989091,0.31127710281568977,-0.049336446116780674,0.2927610553160264,0.30533846595625386,-0.012577410640227438,264151.1667632275,228371.9000503852,35779.266712842305,0.2365865973926175,0.22325758970837398,0.013329007684243527,1.014962890288801,0.914700510460979,0.10026237982782205,1.0873063270598804,0.9706137341459944,0.116692592913886,1.039872278582431,0.918835776890477,0.12103650169195401,23.27085854309921,22.216141522759656,1.0547170203395524,0.6520384052173608,0.54636244218106,0.10567596303630078,1.045615263965025,1.0567815929477746,-0.011166328982749718,0.0473088723278831,0.04325388064631348,0.004054991681569614,0.9275790868883962,0.8972007229346198,0.030378363953776355,8.338376413805799,5.61295643427309,2.7254199795327088,-0.0695467198149835,-0.09481880171236225,0.025272081897378743,0.1408643361013635,0.13629474016931836,0.004569595932045145,0.1523976404627016,0.15800995538383855,-0.005612314921136952,0.090741056600183,0.07381190233071726,0.016929154269465743,-0.041115215099045,0.007610919584233077,-0.04872613468327808,0.5984817226248031,0.4958999468797693,0.10258177574503385,0.0456152639650246,0.05678159294777459,-0.011166328982749989,0.0473088723278831,0.04325388064631348,0.004054991681569614,0.0724209131116038,0.10279927706538013,-0.030378363953776327,8.338376413805799,5.61295643427309,2.7254199795327088,0.0695467198149835,0.09481880171236225,-0.025272081897378743,-0.0251581325618943,-0.02472649105606975,-0.00043164150582455235,-0.0292985160309803,-0.026165042441909713,-0.003133473589070585,-0.0632118281253523,-0.07095809710350222,0.007746268978149923,0.7150904132888662,-3.373545140213147,4.088635553502013,-0.1036626301294921,-0.09519269653845426,-0.008469933591037843,OK,True,True
miami_dade,direct,A_beta_0.25,1.0526886582651624,0.25,0.7263677749812119,0.6777846907842289,0.048583084196982984,0.8309984128384539,0.8270723728231643,0.003926040015289622,0.1690015871615461,0.17292762717683566,-0.003926040015289567,0.2869172425354353,0.27962599328746474,0.007291249247970588,243076.6687502101,174628.51987997018,68448.14887023994,0.2052311597600394,0.2011223258875113,0.004108833872528084,1.0001110885669613,0.9217658462314289,0.07834524233553242,1.0775681191467457,0.9825099065500381,0.09505821259670755,0.998033320250124,0.9188193999223468,0.07921392032777719,20.52083231204089,19.717432681220696,0.8033996308201949,0.5133374715724587,0.5031616552549694,0.010175816317489317,1.0796915266082383,1.0720079908933826,0.007683535714855694,-0.0147045023747507,-0.005392157159570203,-0.009312345215180498,0.9275541145518952,0.9321981203416025,-0.004644005789707362,-4.948937350970222,0.5999776332195461,-5.548914984189768,-0.1265921932581224,-0.10589100809053834,-0.02070118516758407,0.1737460611180324,0.15192214540752336,0.02182391571050904,0.2698706043005144,0.27597439536511703,-0.006103791064602626,0.0042790102734842,0.00023239526891234607,0.004046615004571854,0.0018025510541057,0.027983850348704983,-0.026181299294599284,0.2034482974927741,0.27971746182825885,-0.07626916433548475,0.0796915266082385,0.07200799089338263,0.007683535714855874,0.0147045023747507,0.03978772725829203,-0.025083224883541328,0.0724458854481049,0.06821037438431182,0.004235511063793079,4.948937350970222,11.676028625057548,-6.727091274087326,0.1265921932581224,0.10589100809053834,0.02070118516758407,-0.0341133647997073,-0.0339017579306979,-0.00021160686900940223,-0.0323564566751109,-0.009661722154831366,-0.022694734520279536,-0.0440646295311156,-0.04726467112446236,0.0032000415933467613,-8.52241519902553,-1.3387037019733066,-7.183711497052224,-0.0323330753210054,-0.03581417236613378,0.0034810970451283826,OK,True,True
miami_dade,direct,A_beta_0.5,4.645521478908063,0.5,0.6938090941837208,0.6788638117524731,0.014945282431247708,0.8210350584650882,0.8219317413944269,-0.0008966829293387546,0.1789649415349118,0.1780682586055731,0.0008966829293386991,0.2952536248174753,0.2836067833325863,0.011646841484888981,271621.0523900849,181480.05300042973,90140.99938965516,0.2196824503876681,0.20769828419320807,0.011984166194460022,1.0158480445265226,0.935317979457921,0.08053006506860161,1.1029882947699114,1.0015857980765819,0.10140249669332957,1.0650595078535423,0.9681220466524891,0.09693746120105318,21.57087368274064,20.56953174122523,1.0013419415154097,0.525067351814433,0.5159988273342475,0.00906852448018547,1.035611894581185,1.0369524084995423,-0.0013405139183573223,0.0247410311432778,0.02834686148490084,-0.0036058303416230397,0.9836681626083572,0.9807647515939253,0.0029034110144319225,6.733858105417402,10.800465547262286,-4.0666074418448845,-0.0864889157840128,-0.0705729106530791,-0.015916005130933705,0.1839010424053948,0.15526413032702743,0.028636912078367355,0.2251386804307838,0.2452025957163404,-0.020063915285556594,0.0142423646468499,0.005373026697649817,0.008869337949200085,-0.0307561297433852,0.029062971316949154,-0.059819101060334355,0.455788770676511,0.5586424479861053,-0.10285367730959427,0.0356118945811849,0.040199872646451376,-0.004587978065266479,0.0247410311432778,0.04657730147492419,-0.021836270331646392,0.0163318373916427,0.051777798732823864,-0.035445961341181165,6.733858105417402,13.678506623014425,-6.944648517597023,0.0864889157840128,0.0705729106530791,0.015916005130933705,-0.0781929968267609,-0.06570987617762913,-0.012483120649131763,-0.0223199279065838,-0.0028721479381991965,-0.019447779968384604,-0.1001786775875778,-0.06369724677595032,-0.03648143081162748,-6.73749444457835,0.6637742959835717,-7.401268740561922,-0.072436352795115,-0.07113226980359301,-0.0013040829915219876,OK,True,True
miami_dade,direct,A_beta_0.75,108.07923814374772,0.75,0.4694220677477366,0.38585430421324807,0.08356776353448853,0.7634653636292027,0.7168214889757109,0.046643874653491846,0.2365346363707973,0.2831785110242891,-0.04664387465349179,0.3394365690151167,0.35606915616784485,-0.01663258715272814,363023.513929698,247078.05418392777,115945.4597457702,0.273103357817649,0.27964459417856613,-0.006541236360917135,1.0240604131079647,0.9098719915241723,0.11418842158379239,1.1402766836782212,1.0157132213477948,0.12456346233042637,1.1539901486576427,1.023000726041007,0.1309894226166357,26.57175581898155,28.47085446980393,-1.8990986508223777,0.6060251292849798,0.8812738414227332,-0.2752487121377535,0.9881164800276904,0.9968275445959142,-0.008711064568223792,0.0949651948761305,0.16687761580707255,-0.07191242093094205,1.0452792476647828,1.0347770600442099,0.010502187620572867,24.96515130630002,32.201191468701275,-7.236040162401256,-0.0519496872358067,-0.0352063783351434,-0.0167433089006633,0.1573041252049112,0.1139567965297625,0.04334732867514869,0.2165194478722373,0.22567873622937773,-0.009159288357140444,0.0718120594827354,0.11048327911636574,-0.038671219633630335,-0.2551431561793694,-0.26394653622227593,0.008803380042906539,0.673118770222865,0.6202084850479003,0.052910285174964766,0.0118835199723095,0.036592712822264103,-0.024709192849954605,0.0949651948761305,0.16687761580707255,-0.07191242093094205,0.0452792476647827,0.07093688234017681,-0.025657634675394107,24.96515130630002,32.201191468701275,-7.236040162401256,0.0519496872358067,0.057780501338953884,-0.005830814103147182,-0.1019213714356364,-0.0693170360018164,-0.03260433543381999,0.0479042358262688,0.11742816639394915,-0.06952393056768036,-0.0712312673144378,-0.04453816316859739,-0.026693104145840404,11.493798756304267,19.186459141670422,-7.692660385366155,-0.106975581343321,-0.08392467911771823,-0.02305090222560277,OK,True,True
miami_dade,surrogate,A_beta_0.25,0.2026684574552762,0.25,0.7738342698971064,0.7029610015053778,0.07087326839172858,0.8318692182426933,0.8172848612753898,0.014584356967303536,0.1681307817573066,0.18271513872461018,-0.014584356967303563,0.2861770963408871,0.28770701963035195,-0.0015299232894648296,231689.39929530985,179261.58228255232,52427.81701275753,0.2053323226242961,0.20947653385215192,-0.004144211227855826,0.98492209452149,0.9127656927229012,0.07215640179858884,1.0640874229490842,0.976179002172855,0.08790842077622918,0.9714746112330904,0.910823958951252,0.06065065228183841,20.792567633056127,20.29671185368881,0.49585577936731795,0.5133148124721655,0.5240572230941222,-0.010742410621956688,1.0953321997766263,1.0754188160339313,0.019913383742695023,-0.0208068687037137,-0.0006133271208981497,-0.02019354158281555,0.9088769468939386,0.9282194505915519,-0.019342503697613256,-6.012102233235353,1.357961391079009,-7.370063624314362,-0.1309850974238398,-0.10330128755822868,-0.027683809865611114,0.1694042968061148,0.1472521829474377,0.022152113858677103,0.2670223742382613,0.27648648833837447,-0.009464114100113163,0.0032773165351286,0.009162529569486332,-0.005885213034357732,0.0553901388796103,0.04656147156857408,0.008828667311036223,0.1759523829947104,0.29095973601750524,-0.11500735302279486,0.0953321997766265,0.07541881603393145,0.01991338374269505,0.0208068687037137,0.04326097357208528,-0.022454104868371582,0.0911230531060613,0.07523895888282874,0.01588409422323256,6.012102233235353,12.7919441036172,-6.779841870381846,0.1309850974238398,0.10330128755822868,0.027683809865611114,-0.0183731825139841,-0.02718281126853336,0.00880962875454926,-0.026024939275792,-0.006201086397909651,-0.01982385287788235,-0.0250484278088882,-0.035522855558134864,0.010474427749246663,-7.349509248893115,-0.15653474944939427,-7.1929744994437215,-0.0279682139149623,-0.03466850457343723,0.006700290658474932,OK,True,True
miami_dade,surrogate,A_beta_0.5,1.0801783822892117,0.5,0.7570780532756053,0.7038462049754295,0.0532318483001758,0.8143300719134943,0.7855427023707452,0.028787369542749075,0.1856699280865056,0.2144572976292548,-0.028787369542749214,0.3007336610435287,0.3121896904190762,-0.01145602937554746,244446.6970627808,190726.64021574488,53720.056847035914,0.2238944667521502,0.231550559165398,-0.0076560924132478,0.9791712241490516,0.8910715853313443,0.08809963881770722,1.0649660985403029,0.9594124170583762,0.10555368148192668,0.9823202569763148,0.9076371880562883,0.07468306892002641,22.76161008175988,22.277760755542715,0.4838493262171646,0.5392277030899542,0.5548084706069429,-0.01558076751698878,1.0841332966281083,1.061259909654957,0.022873386973151222,0.0146731123280487,0.036156751097166505,-0.021483638769117804,0.9263382796060254,0.9530207401670365,-0.02668246056101109,2.498660482482394,11.867079085013856,-9.368418602531461,-0.0986101189157064,-0.06866885056778588,-0.02994126834792052,0.1578115962117915,0.14170266864605177,0.016108927565739728,0.1796738738145404,0.22380024769218676,-0.04412637387764637,0.0208164628643276,0.04090468847413096,-0.02008822560980336,0.0386339222581092,0.047446675038625624,-0.008812752780516422,0.3796284073282174,0.5093629051585938,-0.12973449783037644,0.0841332966281083,0.061259909654957145,0.022873386973151152,0.0146731123280487,0.05291529136279402,-0.03824217903474532,0.0736617203939745,0.060108772443164996,0.01355294795080951,2.498660482482394,15.352759944814458,-12.854099462332064,0.0986101189157064,0.07417451016203483,0.024435608753671567,-0.0295720856625023,-0.04134171764750766,0.011769631985005358,-0.0321586956514571,0.0034532313927990916,-0.03561192704425619,-0.0425097605209751,-0.05065304199779861,0.008143281476823513,-10.862950999646074,2.4042810917478654,-13.26723209139394,-0.0603431924230957,-0.06379528196963108,0.003452089546535378,OK,True,True
miami_dade,surrogate,A_beta_0.75,5.006826904920522,0.75,0.7690420344426772,0.7012113447142836,0.06783068972839357,0.7738766606062459,0.7385083801309869,0.035368280475259084,0.226123339393754,0.26149161986901315,-0.03536828047525914,0.3318821936113918,0.3445588813140994,-0.012676687702707579,260272.8458876033,201315.41011952877,58957.43576807453,0.2521997388493342,0.2559708335549174,-0.003771094705583178,0.9551419653358372,0.8738577629847852,0.08128420235105194,1.043060887564503,0.9426714142421413,0.10038947332236181,0.9803809242009304,0.9036684830092969,0.07671244119163345,26.013450885579303,25.02358981461267,0.9898610709666329,0.5694294699327351,0.5824540663017499,-0.013024596369014763,1.0639342951462063,1.047487229445858,0.016447065700348373,0.0609154062624427,0.07194171342449432,-0.011026307162051621,0.9549537923898114,0.9770288868089739,-0.022075094419162555,19.234526526767745,21.314210289905215,-2.0796837631374707,-0.0518247185074195,-0.03427743506505003,-0.01754728344236947,0.1434773208581096,0.13907084194154534,0.00440647891656426,0.1478038523321956,0.20287644835254495,-0.05507259602034936,0.0612698741715759,0.08793901071388929,-0.02666913654231339,0.0505979034251811,0.0448118147774799,0.0057860886477012,0.673962636758429,0.6081913415989275,0.06577129515950153,0.0639342951462065,0.04830422234039557,0.015630072805810927,0.0609154062624427,0.07203399926360948,-0.011118593001166785,0.0450462076101886,0.06187442951881443,-0.01682822190862583,19.234526526767745,21.31649929931634,-2.081972772548596,0.0518247185074195,0.05479701578968417,-0.0029722972822646687,-0.0497710871444041,-0.05429740496206924,0.004526317817665139,0.0140835982829369,0.022571939293614552,-0.008488341010677651,-0.071125273304761,-0.04888738492214917,-0.02223788838261183,5.872915044639276,8.368020446249746,-2.49510540161047,-0.1071285928313826,-0.08317277634198175,-0.023955816489400844,OK,True,True
miami_dade,surrogate,A_beta_0.9,14.873810602243854,0.9,0.7819231142257367,0.7028573173916727,0.079065796834064,0.7345067253343734,0.697464185636201,0.037042539698172394,0.2654932746656265,0.30253581436379895,-0.03704253969817245,0.3596151824990699,0.3706178353101355,-0.011002652811065605,271535.7552528725,208855.08724768777,62680.66800518471,0.2728322280491009,0.2755788388669524,-0.0027466108178514914,0.9396106073136796,0.8584784839843436,0.08113212332933606,1.0241570626855658,0.9305299856823709,0.09362707700319495,0.9763339407832726,0.9001593166705422,0.07617462411273046,28.40004317151416,27.284872864748515,1.1151703067656449,0.5916805086569491,0.6028972266260302,-0.01121671796908108,1.048982340882185,1.037971179494136,0.011011161388049029,0.0917103270575357,0.09471327070097638,-0.0030029436434406698,0.9763968050011718,0.9934913354261614,-0.01709453042498965,29.60328101843573,25.50005054093243,4.103230477503299,-0.0187125409509942,-0.013654340289031574,-0.005058200661962626,0.1473593300399558,0.14473912323549806,0.0026202068044577365,0.1941874341319333,0.2153954282212921,-0.021207994089358806,0.1006398094434485,0.12898320520867507,-0.02834339576522657,0.0634789832082406,0.04645778745486888,0.017021195753371715,0.8822764949444228,0.5794520471740795,0.30282444777034334,0.048982340882185,0.043002252182477274,0.005980088699707724,0.0917103270575357,0.09471327070097638,-0.0030029436434406698,0.0236031949988282,0.06166122601148245,-0.03805803101265425,29.60328101843573,25.50005054093243,4.103230477503299,0.0187125409509942,0.051903359567317474,-0.033190818616323274,-0.0647230414084256,-0.05959937511998753,-0.005123666288438064,0.0448785190780299,0.045251210730981435,-0.0003726916529515345,-0.0925682859161214,-0.04910058842948115,-0.04346769748664025,16.241669536307263,12.551571687865836,3.690097848441427,-0.140240770387808,-0.08606643256434846,-0.05417433782345954,OK,True,True
middlesex,direct,A_beta_0.25,3.09818764825416,0.25,0.2677525345273819,0.599629228640357,-0.33187669411297505,0.784364155467534,0.7465789484988522,0.03778520696868182,0.2156358445324659,0.25342105150114763,-0.037785206968681734,0.2648292701760112,0.272246377301899,-0.0074171071258877785,209769.44334418143,166145.53732595046,43623.90601823098,0.1942540945202611,0.20292087120797056,-0.00866677668770946,0.9698455901966114,0.9531521699794995,0.016693420217111954,1.038553895501556,1.0061706186076447,0.032383276893911406,0.9812174251777076,0.9358457741113073,0.04537165106640029,19.80660503487464,19.184210485339257,0.6223945495353824,0.557161362570005,0.5679947157691385,-0.010833353199133477,1.0584340115173394,1.0750894191998628,-0.016655407682523382,-0.0254128615135796,-0.0699383178031703,0.04452545628959069,0.935044497997338,0.8463184444734814,0.08872605352385665,11.461372451127048,-7.057133482316971,18.51850593344402,-0.1226952631895421,-0.19387042468873142,0.07117516149918932,0.2394585317917918,0.15265053816808002,0.08680799362371178,0.176694046839417,0.321362187287176,-0.14466814044775902,0.0070432164525127,0.0006090081777453565,0.006434208274767343,0.0147126673318452,0.03362590089156805,-0.01891323355972285,0.3995211765150587,0.29331833961835313,0.10620283689670557,0.0584340115173394,0.07508941919986283,-0.016655407682523424,0.0254128615135796,0.07830502051875612,-0.05289215900517652,0.0649555020026619,0.15368155552651858,-0.08872605352385668,11.461372451127048,15.629308878008098,-4.167936426881051,0.1226952631895421,0.19387042468873142,-0.07117516149918932,-0.034787587312592,-0.024728259816174922,-0.010059327496417081,-0.0810785934739286,-0.0570152042630337,-0.024063389210894896,-0.0910401628486058,-0.07345741386767328,-0.017582748980932525,4.621055741406849,-5.430171792258167,10.051227533665017,-0.081633779552494,-0.06550865255929103,-0.016125126993202968,OK,True,True
middlesex,direct,A_beta_0.5,56.26964535407659,0.5,0.1867878171187103,-164.2358975811895,164.4226853983082,0.7024195592820612,-0.4791431145257758,1.181562673807837,0.2975804407179387,1.4791431145257756,-1.1815626738078369,0.311105506415779,0.5693994881964084,-0.2582939817806294,280866.91975969635,707123.7434882007,-426256.82372850436,0.2461168374723678,0.6627805459810829,-0.41666370850871515,0.9758329827051776,0.9208984089290506,0.05493457377612698,1.066885572308338,1.3246084255566228,-0.2577228532482849,1.0331048997788217,1.37426522549527,-0.3411603257164484,25.110323869500437,70.49756528568892,-45.38724141618849,0.5833444777551283,1.4815269028048157,-0.8981824250496874,1.0326982018348263,1.0073985642894143,0.02529963754541198,0.0615768611883593,1.0177009133478572,-0.9561240521594979,1.0036791093370878,1.0387307656307463,-0.03505165629365847,29.68755814356256,154.57848790092916,-124.8909297573666,-0.0720724078766513,-0.12742914393529742,0.05535673605864612,0.2071051104970147,0.08866450862625481,0.11844060187075987,0.1604545596909144,0.23544926710952724,-0.07499470741861283,0.0889878126379855,1.246106280360829,-1.1571184677228434,-0.0662520500768263,-164.8699066798916,164.8036546298148,0.6472728158980208,0.2250156459684725,0.42225716992954826,0.0326982018348265,0.09273459727009233,-0.06003639543526582,0.0615768611883593,1.0804970312293574,-1.018920170040998,0.0036791093370878,0.27462305359455164,-0.2709439442574638,29.68755814356256,164.8678792578216,-135.18032111425904,0.0720724078766513,0.2313598283610432,-0.15928742048439193,-0.0605233969951048,0.005137963814463365,-0.06566136080956816,-0.0449145937991489,0.9738463442850794,-1.0187609380842284,-0.15231655551418,0.08415091260929825,-0.23646746812347824,22.847241433842363,148.9400556645872,-126.09281423074484,-0.1322566348653848,0.006054146155317575,-0.13831078102070238,OK,True,True
middlesex,surrogate,A_beta_0.25,1.040014113466548,0.25,0.2547467453315806,0.5729641081426019,-0.3182173628110213,0.7264827425546392,0.6942693340835726,0.032213408471066574,0.2735172574453607,0.3057306659164274,-0.032213408471066685,0.2982619639684743,0.2977454829922543,0.0005164809762200351,230241.77351055364,182845.09105021707,47396.68246033657,0.2178560124613371,0.2208922360824038,-0.0030362236210667026,0.9201948914847812,0.9235189292834385,-0.003324037798657309,0.9835406451630696,0.9743761377386758,0.009164507424393786,0.9261283116874788,0.9025510703017509,0.02357724138572792,22.273494186300844,20.84722472134285,1.4262694649579934,0.5882413455100969,0.5841867124774243,0.0040546330326726165,1.061991770201886,1.0798198678346482,-0.017828097632762274,-0.0085139193784899,-0.060322596267015305,0.051808676888525404,0.9253460688006472,0.8299658916691985,0.09538017713144864,10.29979272129466,-8.548051046167844,18.847843767462503,-0.1201910662490064,-0.19648532200456625,0.07629425575555986,0.1978922286069392,0.12570429770639804,0.07218793090054115,0.140971428821285,0.30583822029872526,-0.16486679147744027,0.066279019435281,0.05236083207313209,0.013918187362148914,-0.0064806830969252,0.004995059793351563,-0.011475742890276763,0.4115665516760287,0.2924395444545833,0.11912700722144537,0.0619917702018859,0.07981986783464809,-0.01782809763276219,0.0085139193784899,0.08088681078459803,-0.07237289140610813,0.0746539311993528,0.17003410833080146,-0.09538017713144865,10.29979272129466,14.917934736162566,-4.618142014867907,0.1201910662490064,0.19648532200456625,-0.07629425575555986,-0.0311672525172819,-0.020898109346615422,-0.010269143170666479,-0.098774117026716,-0.05777143055987038,-0.04100268646684562,-0.0816642534201887,-0.06036611364702621,-0.021298139773162486,2.5692178941566493,-6.5877254923450055,9.156943386501656,-0.0840649402566491,-0.06633994341555471,-0.01772499684109438,OK,True,True
middlesex,surrogate,A_beta_0.5,101.0647532054863,0.5,0.2408468952148892,0.5563864069120091,-0.3155395116971199,0.5287393606887508,0.6077573960011153,-0.07901803531236451,0.4712606393112491,0.39224260399888455,0.07901803531236457,0.3915038982189169,0.33836399322659455,0.05313990499232235,281514.93777859217,203947.70457462678,77567.23320396538,0.2823612067468474,0.25088242420207046,0.03147878254477693,0.8689980904800331,0.8938414282614494,-0.02484333778141634,0.9343629280553264,0.9537428405319875,-0.019379912476661154,0.9078707373728184,0.8974113319244525,0.010459405448365877,29.815273447704797,25.22118644535429,4.594087002350506,0.6440554756691677,0.6653822208650926,-0.021326745195924923,1.029180575595123,1.0634542570091465,-0.03427368141402343,0.1128513770785364,0.027364329014314043,0.08548704806422236,1.0158817506202904,0.8849391391390117,0.13094261148127873,28.74769541058541,0.44761342941879323,28.300081981166617,-0.0065995522014016,-0.13134570664905915,0.12474615444765755,0.203589828492873,0.13393060295983794,0.06965922553303505,0.2628401507482373,0.25525305737143633,0.0075870933768009685,0.2640224013011695,0.1388727701555892,0.1251496311455803,-0.0203805332136166,-0.01158264143724125,-0.00879789177637535,0.9676898010770668,0.5596381236464313,0.40805167743063553,0.0291805755951233,0.06345425700914656,-0.03427368141402326,0.1128513770785364,0.09368461803466599,0.019166759043870413,0.0158817506202904,0.1273726517415987,-0.1114909011213083,28.74769541058541,16.97774290406973,11.769952506515683,0.0065995522014016,0.13263858251772728,-0.12603903031632568,-0.0639784471240445,-0.037263720172116946,-0.02671472695192756,0.0055633406733304,-0.04497362330980241,0.05053696398313281,-0.1404364339992512,-0.10302757023622895,-0.03740886376302226,21.0171205834474,-4.5279173244378415,25.54503790788524,-0.1976564543042538,-0.13018668290239366,-0.06746977140186014,OK,True,True
cook,direct,A_beta_0.25,0.8068175897491117,0.25,0.8392185654536485,0.7129686587464616,0.12624990670718683,0.830346152369778,0.8099025830985415,0.020443569271236584,0.1696538476302219,0.19009741690145848,-0.020443569271236584,0.2828913613149961,0.28815826534655853,-0.005266904031562436,85813.30585440114,75747.45486302357,10065.850991377578,0.2066952090532789,0.2093198984410628,-0.0026246893877839017,0.9602413219772165,0.935213309992184,0.02502801198503246,1.0188209545212767,0.9839476528104206,0.03487330171085612,0.9563089553850252,0.9365048662391184,0.01980408914590681,21.156987729917176,21.289210347925483,-0.13222261800830637,0.3558925540376365,0.33583161632777425,0.020060937709862225,1.0653679951277704,1.0506627737802712,0.014705221347499187,-0.0725190675432318,-0.03555004093844719,-0.036969026604784606,0.928771099593618,0.9398506606586066,-0.01107956106498853,-17.69912370137586,-6.724054370646361,-10.9750693307295,-0.1472433468823542,-0.11834936663079135,-0.02889398025156284,0.1438200266750036,0.1123282976910747,0.03149172898392889,0.3307573816954975,0.26186802043110924,0.06888936126438827,-0.0004415383184842,0.00281769864613674,-0.00325923696462094,0.0091493448919358,0.008176594950496711,0.0009727499414390883,0.1991917533085597,0.25565419420943925,-0.05646244090087954,0.0653679951277703,0.05066277378027127,0.014705221347499034,0.0725190675432318,0.03555004093844719,0.036969026604784606,0.0712289004063818,0.06014933934139336,0.01107956106498844,17.69912370137586,8.301976983524902,9.397146717850958,0.1472433468823542,0.11834936663079135,0.02889398025156284,-0.0226940492110634,-0.022085295596341505,-0.000608753614721895,-0.0361028815705192,-0.03695747037972181,0.000854588809202611,-0.0416856426351104,-0.04355040395740393,0.0018647613222935316,-10.056944894848968,-9.98245772367619,-0.07448717117277859,-0.0366250729181334,-0.039519321553696245,0.0028942486355628474,OK,True,True
cook,direct,A_beta_0.5,2.486762272316388,0.5,0.8291135611280281,0.7061448101075615,0.12296875102046667,0.827126628012496,0.8022575730347784,0.02486905497771763,0.172873371987504,0.19774242696522157,-0.024869054977717575,0.2855629635470467,0.2937984263117981,-0.0082354627647514,89614.72369266786,78267.88625468369,11346.83743798417,0.2109307008583951,0.2142128893844456,-0.0032821885260505,0.9714406125633582,0.941211151639649,0.03022946092370926,1.0284945504783458,0.9885665120335727,0.039928038444773106,0.986419250500464,0.9609547718345519,0.02546447866591206,21.54120977984219,21.904104875674754,-0.3628950958325632,0.3547563657334774,0.3400163270407969,0.014740038692680535,1.0426545811596182,1.0287135259156934,0.01394105524392475,-0.03772986335862,-6.191250864719805e-05,-0.0376679508499728,0.9706208105526988,0.9835922101038402,-0.01297139955114146,-7.601786946060115,4.551394842380463,-12.153181788440579,-0.1105919229961253,-0.07891536247626682,-0.03167656051985848,0.1524965297499098,0.11800256432558136,0.034493965424328435,0.2787272638937498,0.21911778655434658,0.05960947733940322,0.0027779860387978,0.010462708709899819,-0.007684722671102019,-0.0009556594336844,0.0013527463115964537,-0.002308405745280854,0.3985268208856819,0.5113946702828195,-0.11286784939713757,0.0426545811596181,0.028713525915693282,0.013941055243924819,0.03772986335862,0.01752863781607825,0.020201225542541747,0.0293791894473013,0.02048390231170242,0.008895287135598881,7.601786946060115,4.7587249409572365,2.8430620051028788,0.1105919229961253,0.07891536247626682,0.03167656051985848,-0.0454074631792156,-0.04403454346091949,-0.0013729197182961103,-0.070892085755131,-0.054978873502090755,-0.01591321225304025,-0.0835353535941909,-0.08321584098709488,-0.00031951260709602025,-20.154281650164712,-13.525709766243859,-6.628571883920854,-0.0732764968043623,-0.07895332570822078,0.005676828903858483,OK,True,True
cook,direct,A_beta_0.75,7.891876567728306,0.75,0.792416927985496,0.6784995721103654,0.11391735587513063,0.8194744281744726,0.7896131204980477,0.02986130767642492,0.1805255718255274,0.21038687950195223,-0.029861307676424836,0.2918147188016759,0.3029283028347868,-0.011113584033110857,97331.57257351997,83690.25586746121,13641.316706058758,0.2188271329764202,0.2226122166969804,-0.0037850837205601895,0.9831819058334768,0.9467640709717514,0.03641783486172534,1.0396827546342375,0.9947656809040561,0.04491707373018139,1.019319598341201,0.9882183176326734,0.031101280708527468,22.20328924094724,22.852627784679807,-0.6493385437325685,0.3567139452471771,0.3490761824460841,0.007637762801092962,1.019977204721831,1.00658296345522,0.01339424126661104,-0.0036977300537095,0.03501961139377362,-0.038717341447483115,1.0128094995542465,1.028021142432137,-0.015211642877890563,3.9401664634241222,15.731827937599574,-11.791661474175452,-0.0740701836508137,-0.0392963200586499,-0.034773863592163806,0.159272113937876,0.12118837071861605,0.03808374321925995,0.2473984588287543,0.20650006681389985,0.04089839201485446,0.0104301858768213,0.02310716124663046,-0.01267697536980916,-0.0376522925762166,-0.026292491685599446,-0.011359800890617153,0.5971565767999423,0.738400195610092,-0.14124361881014968,0.0199772047218309,0.00941544561541225,0.010561759106418649,0.0036977300537095,0.03501961139377362,-0.03132188134006412,0.0128094995542462,0.028021142432137082,-0.015211642877890882,3.9401664634241222,15.731827937599574,-11.791661474175452,0.0740701836508137,0.04249406477491731,0.0315761188758964,-0.0680848396170028,-0.06333262376120052,-0.00475221585580228,-0.1049242190600414,-0.037487899924395385,-0.06743631913564602,-0.100105043487246,-0.0756786008666602,-0.024426442620585798,-23.815902132800705,-2.552606769601519,-21.263295363199187,-0.1097982361496739,-0.11537462340957028,0.00557638725989637,OK,True,True
cook,direct,A_beta_0.9,21.96737100326585,0.9,0.7602766232909532,0.6453919591901393,0.114884664100814,0.8121375599569296,0.778924289222492,0.03321327073443758,0.1878624400430704,0.22107571077750798,-0.03321327073443758,0.2976855871442375,0.3104978673233068,-0.012812280179069324,103325.01638958164,88766.97863450203,14558.037755079611,0.2253707745665368,0.23010682141985428,-0.004736046853317466,0.9885269926339276,0.9510538065878256,0.03747318604610206,1.04545411477331,1.0006685376022357,0.04478557717107434,1.0367898381649157,1.0074126040568951,0.02937723410802051,22.77439288064215,23.652467589960857,-0.8780747093187067,0.3614520339175341,0.3576128869383603,0.003839146979173813,1.0083568301785537,0.9932321359910166,0.015124694187537147,0.0157419876323848,0.057013455037022605,-0.0412714674046378,1.033949767263006,1.0548338671011104,-0.020884099838104353,11.55317828379587,23.108330432955356,-11.555152149159486,-0.0536819286286519,-0.01562540375131722,-0.03805652487733468,0.1564907599004171,0.12017600495385848,0.03631475494655863,0.2369608110241691,0.20987225774824,0.0270885532759291,0.0177670540943642,0.03379599252218623,-0.016028938427822027,-0.0697925972707593,-0.05940010460582558,-0.010392492664933722,0.7080416055845742,0.8317615665137856,-0.12371996092921145,0.0083568301785537,0.007457199077158946,0.0008996311013947543,0.0157419876323848,0.057013455037022605,-0.0412714674046378,0.033949767263006,0.05483386710111042,-0.020884099838104422,11.55317828379587,23.108330432955356,-11.555152149159486,0.0536819286286519,0.025578057503674367,0.02810387112497753,-0.07970521416028,-0.06529087029945384,-0.014414343860826156,-0.0928799614813662,-0.01549405628114639,-0.0773859052002198,-0.0789647757784862,-0.048865876197686876,-0.030098899580799317,-16.20289031242896,4.823895725754266,-21.026786038183225,-0.1301864911718358,-0.1322906306808132,0.002104139508977393,OK,True,True
cook,surrogate,A_beta_0.25,0.2151600472162764,0.25,0.840428948678301,0.7138858250883957,0.12654312358990527,0.825788033818669,0.8039413835905944,0.021846650228074638,0.1742119661813309,0.19605861640940553,-0.021846650228074638,0.2866664180751616,0.2925782861847524,-0.005911868109590823,86991.50233830181,76697.34730857478,10294.15502972703,0.2069404084719932,0.21070379159567645,-0.003763383123683267,0.9469166128782376,0.92612024348329,0.020796369394947556,1.0020367646580108,0.9726631411095544,0.029373623548456407,0.9382547268842268,0.9226767721124777,0.01557795477174917,21.19740174605167,21.351802088220584,-0.15440034216891263,0.3543198943155191,0.3498006252064119,0.00451926910910716,1.0679794473144757,1.0541755753699193,0.013803871944556345,-0.0666669854534733,-0.03306214526459275,-0.03360484018888055,0.9185278175589806,0.9294173626569677,-0.010889545097987119,-17.201427453079987,-8.560825399006996,-8.64060205407299,-0.1424218823357336,-0.11768345354917828,-0.024738428786555328,0.1218826253254103,0.10051851702779493,0.02136410829761537,0.3187632696034089,0.2571668761501592,0.06159639345324969,0.0041200735350371,0.008946135413562024,-0.004826061878524924,0.0099187793725891,0.008388835740829916,0.0015299436317591838,0.2255049093498943,0.2567365181093195,-0.03123160875942521,0.0679794473144757,0.05417557536991946,0.013803871944556234,0.0666669854534733,0.03306214526459275,0.03360484018888055,0.0814721824410193,0.07058263734303231,0.01088954509798698,17.201427453079987,9.490643337461524,7.710784115618463,0.1424218823357336,0.11768345354917828,0.024738428786555328,-0.0199165743168703,-0.01829299813265557,-0.0016235761842147318,-0.0418389230536664,-0.039027714149430216,-0.0028112089042361815,-0.0312484143727161,-0.032693902748307385,0.0014454883755912855,-11.284098519249516,-8.730473265579482,-2.5536252536700346,-0.0414680919908766,-0.03982835137002651,-0.0016397406208500942,OK,True,True
cook,surrogate,A_beta_0.5,0.7476444494104206,0.5,0.8428124609545373,0.7150328871801425,0.12777957377439486,0.8104872542771357,0.7848324004957841,0.025654853781351683,0.1895127457228642,0.21516759950421596,-0.025654853781351766,0.2989902599002047,0.30643870011117585,-0.00744844021097113,89050.39937662859,78889.30584183252,10161.093534796062,0.2119961285223626,0.2178663403367179,-0.005870211814355292,0.9453383162824714,0.9226562340909275,0.022682082191543995,0.9922271387769936,0.9643417106964491,0.027885428080544505,0.9451504210604078,0.928734329978172,0.01641609108223585,21.76574844044745,22.211114721606464,-0.4453662811590142,0.3562461588583481,0.35022527141945714,0.006020887438890954,1.049808704167711,1.0383511902582394,0.011457513909471695,-0.0240504578259109,0.003158836591011423,-0.02720929441692232,0.946721231967282,0.9582030864597493,-0.011481854492467303,-6.978571490324459,-0.7255979893529556,-6.252973500971503,-0.097790228216125,-0.07826910563242807,-0.019521122583696926,0.116837642625738,0.10179993077861543,0.015037711847122562,0.2449976926037368,0.20459909930438056,0.040398593299356245,0.0194208530765704,0.02805511850837246,-0.008634265431802058,0.0123022916488254,0.009535897832576466,0.0027663938162489337,0.4682133782756528,0.5112427505820307,-0.04302937230637793,0.0498087041677113,0.038351190258239375,0.011457513909471924,0.0240504578259109,0.01104921788013576,0.01300123994577514,0.053278768032718,0.04179691354025067,0.01148185449246733,6.978571490324459,5.002903764608957,1.9756677257155015,0.097790228216125,0.07826910563242807,0.019521122583696926,-0.0380873174636346,-0.03411738324433566,-0.0039699342192989415,-0.0844554506812289,-0.06104064153388722,-0.023414809147341675,-0.0594418287810175,-0.06147962655108904,0.0020377977700715352,-21.50695448200504,-13.218212838432047,-8.288741643572992,-0.0860997461104852,-0.07924269928677673,-0.006857046823708468,OK,True,True
cook,surrogate,A_beta_0.75,2.2772646870056894,0.75,0.8378376411585832,0.7111602548727065,0.12667738628587666,0.7786625314254474,0.7527747116935376,0.02588781973190979,0.2213374685745526,0.24722528830646234,-0.025887819731909734,0.3231210847126418,0.3285504946853869,-0.005429409972745103,93723.95752826116,82708.73801908709,11015.219509174072,0.2240804646343884,0.23167145583659576,-0.007590991202207353,0.943220035462788,0.9219183665489087,0.0213016689138793,0.9808620415181736,0.9597760939394918,0.021085947578681763,0.950245421878001,0.9368216752694228,0.013423746608578146,23.099308435628693,23.849776269999737,-0.7504678343710438,0.3674203549281754,0.3665377448670479,0.0008826100611274978,1.0322196970753763,1.0245208995839443,0.007698797491431986,0.0185731125851823,0.040170443482224934,-0.021597330897042633,0.9749637597625302,0.9844400096776889,-0.009476249915158608,0.8536540133290248,4.792332737579981,-3.9386787242509564,-0.0517775986608761,-0.038917458384780626,-0.012860140276095472,0.1219837446944144,0.11360213032705872,0.008381614367355683,0.212017828838201,0.1939766892853877,0.018041139552813307,0.0512455759282587,0.060112807310618785,-0.008867231382360084,0.0073274718528713,0.005663265525140606,0.0016642063277306938,0.718431639079393,0.7645373835073839,-0.04610574442799087,0.0322196970753765,0.024520899583944405,0.007698797491432097,0.0185731125851823,0.040170443482224934,-0.021597330897042633,0.0250362402374697,0.017261561431615325,0.007774678805854376,0.8536540133290248,6.920061969748549,-6.066407956419524,0.0517775986608761,0.038917458384780626,0.012860140276095472,-0.0556763245559694,-0.04794767391863062,-0.0077286506373387825,-0.0899327959219574,-0.03191941593179804,-0.058013379990159354,-0.0876843565762658,-0.08601497865972438,-0.0016693779165414258,-27.63187195900048,-11.301054633292454,-16.330817325708026,-0.1321123756657341,-0.11859434653442417,-0.013518029131309936,OK,True,True
cook,surrogate,A_beta_0.9,5.412658827609016,0.9,0.8334671838948906,0.7058281582474468,0.12763902564744378,0.747282917091578,0.7210886312524969,0.026194285839081122,0.2527170829084219,0.278911368747503,-0.026194285839081122,0.34526704569062,0.34901213591481894,-0.0037450902241989437,98426.0071524328,86849.94731310588,11576.059839326917,0.2371897926731287,0.2453909922791231,-0.008201199605994386,0.9358554378113764,0.9146073293461618,0.02124810846521452,0.9705642318111658,0.9523240110109666,0.01824022080019916,0.9506933761124174,0.9370882928968014,0.013605083215616043,24.592579073629928,25.4412735190927,-0.8486944454627725,0.3836051971767208,0.3814360047136083,0.0021691924631125348,1.020901434887455,1.0163209473218442,0.004580487565610802,0.0466899985022011,0.06341581526613749,-0.01672581676393639,0.9947083644081018,1.0013601251823876,-0.006651760774285753,4.2587663459475005,6.5407507237981255,-2.281984377850625,-0.0212590135198279,-0.01565112931350377,-0.005607884206324128,0.1340484414249011,0.12700198701098458,0.00704645441391652,0.2260902707927214,0.21325079577782258,0.012839475014898821,0.082625190262128,0.09179888775165952,-0.009173697489531521,0.0029570145891787,0.000331168899880849,0.0026258456892978514,0.8843927538862483,0.862291018941064,0.022101734945184304,0.0209014348874549,0.016320947321844262,0.004580487565610639,0.0466899985022011,0.06341581526613749,-0.01672581676393639,0.0052916355918981,0.018034685002022644,-0.012743049410124545,4.2587663459475005,7.395285208203842,-3.1365188622563416,0.0212590135198279,0.021974150535433223,-0.0007151370156053237,-0.066994586743891,-0.05614762618073076,-0.010846960563160236,-0.0618159100049386,-0.008674044147885494,-0.053141865857053106,-0.1074289612218374,-0.08524185508931706,-0.02218710613252034,-24.226759626382,-10.825831394837161,-13.40092823154484,-0.1626309608067823,-0.13553765438377158,-0.02709330642301072,OK,True,True
