county_key,family,rho_tilde,raw_rho,Var_train_y,n_train,n_eval,evaluation_layer,fold,anchor_roles,on_frozen_grid,fit_status,fit_error,R2_price,R2_log,NMSE,RMSE_log,MAE,MAPE,median_ratio,mean_ratio,weighted_mean_ratio,COD,COV,PRD,PRB,MKI,VEI,beta_log,Delta_NL,dCor,Delta_NMSE,Delta_R2_price,Delta_PRD,Delta_PRB,Delta_MKI,Delta_VEI,Delta_beta_log,Delta_Delta_NL,Delta_dCor,A_beta,I_PRD,Delta_I_PRD,I_PRB,Delta_I_PRB,I_MKI,Delta_I_MKI,I_VEI,Delta_I_VEI,I_beta_log,Delta_I_beta_log,raw_rho_reproduced
cook,direct,0.0,0.0,0.4592773327323234,278479,24993.0,FORWARD_2025,,"grid,baseline_rho0",True,OK,,0.8300692205617126,0.8299046140512939,0.17009538594870613,0.28325924631390925,86319.08244387286,0.20612756339585567,0.9474556423827454,1.009273549685955,0.927588233536117,21.065717477708652,0.3587715787643546,1.0880620443388338,-0.10862194911375106,0.8870854569585077,-27.75606859622483,-0.18386841980048774,0.13144489792383957,0.39858443535314986,0.0,0.0,0.0,0.0,0.0,0.0,0.0,0.0,0.0,0.0,0.0880620443388338,0.0,0.10862194911375106,0.0,0.11291454304149229,0.0,27.75606859622483,0.0,0.18386841980048774,0.0,True
cook,direct,0.001,0.0021773336690727152,0.4592773327323234,278479,24993.0,FORWARD_2025,,grid,True,OK,,0.8306166116425341,0.8297203036854356,0.1702796963145644,0.28341267046479696,86313.75262179924,0.2060918505797976,0.9482577949499386,1.0094399153783884,0.9277463347998981,21.053917420607014,0.35922444681421,1.0880559453744547,-0.10874208202204284,0.8872072426830534,-28.404737634471015,-0.18411427926915175,0.13192901328672954,0.3990131972817535,0.0001843103658582812,0.0005473910808214688,-6.0989643790865244e-06,-0.00012013290829178402,0.00012178572454568659,-0.6486690382461866,-0.0002458594686640114,0.00048411536288997525,0.00042876192860363815,-0.0013371489727860286,0.08805594537445471,-6.0989643790865244e-06,0.10874208202204284,0.00012013290829178402,0.1127927573169466,-0.00012178572454568659,28.404737634471015,0.6486690382461866,0.18411427926915175,0.0002458594686640114,True
cook,direct,0.001451285485497223,0.0031599327510096454,0.4592773327323234,278479,24993.0,FORWARD_2025,,grid,True,OK,,0.8293653356552045,0.8296134292265182,0.17038657077348182,0.28350159716953743,86370.23139498848,0.20617423531012785,0.9482168607621566,1.0094872934936974,0.9276687056100283,21.06835169320084,0.3594271232617525,1.0881980683285697,-0.10864026001079242,0.8868763716110075,-28.430481810895525,-0.1841993395927789,0.13109606396195292,0.39860050392334145,0.0002911848247756921,-0.0007038849065080788,0.00013602398973588947,-1.8310897041365348e-05,-0.00020908534750019303,-0.6744132146706967,-0.0003309197922911622,-0.0003488339618866465,1.6068570191596354e-05,-0.0017997641609703852,0.08819806832856969,0.00013602398973588947,0.10864026001079242,1.8310897041365348e-05,0.11312362838899248,0.00020908534750019303,28.430481810895525,0.6744132146706967,0.1841993395927789,0.0003309197922911622,True
cook,direct,0.00210622956041491,0.004585964536687608,0.4592773327323234,278479,24993.0,FORWARD_2025,,grid,True,OK,,0.8298569038197219,0.829663974707636,0.170336025292364,0.28345954342242047,86435.37880160545,0.2061182373247006,0.9479543095078378,1.0090647970519573,0.9273664800804202,21.055805346340147,0.35910180502812433,1.0880971209617716,-0.10826066419123871,0.886821917629479,-28.256569307732118,-0.1838520910499448,0.13049511777607606,0.39782352928701237,0.00024063934365786688,-0.0002123167419907368,3.507662293777969e-05,0.00036128492251234767,-0.0002635393290286725,-0.5005007115072893,1.632875054294325e-05,-0.0009497801477635071,-0.00076090606613749,8.880671602362611e-05,0.08809712096177158,3.507662293777969e-05,0.10826066419123871,-0.00036128492251234767,0.11317808237052096,0.0002635393290286725,28.256569307732118,0.5005007115072893,0.1838520910499448,-1.632875054294325e-05,True
cook,direct,0.003056740390155355,0.006655543769099723,0.4592773327323234,278479,24993.0,FORWARD_2025,,grid,True,OK,,0.8302700859762205,0.8294675053551129,0.17053249464488707,0.28362297057554414,86444.89045514436,0.20636674998279278,0.9480361381480061,1.0094726264218792,0.927579801382776,21.089302191004144,0.35937101226164153,1.0882865548786451,-0.1091205486957077,0.886950102382845,-29.106911266294777,-0.18450725701153128,0.1319342069370503,0.39912248868413436,0.00043710869618093784,0.0002008654145079225,0.00022451053981131786,-0.000498599581956638,-0.00013535457566271614,-1.350842670069948,-0.000638837211043547,0.0004893090132107314,0.0005380533309845004,-0.0034744259603511907,0.08828655487864512,0.00022451053981131786,0.1091205486957077,0.000498599581956638,0.113049897617155,0.00013535457566271614,29.106911266294777,1.350842670069948,0.18450725701153128,0.000638837211043547,True
cook,direct,0.004436202961165585,0.009659094070185907,0.4592773327323234,278479,24993.0,FORWARD_2025,,grid,True,OK,,0.82941843518849,0.8297661614347364,0.17023383856526364,0.28337450519137375,86384.66499251038,0.20617188165672273,0.94807012661874,1.0094815158288704,0.9278884027372418,21.071693784351247,0.3583647475706431,1.0879341878300575,-0.10850594000936983,0.8873906774147394,-29.016494686329757,-0.18391332272373495,0.13158658617566468,0.3982719148389006,0.00013845261655751062,-0.0006507853732226065,-0.00012785650877633614,0.00011600910438122614,0.000305220456231714,-1.2604260901049287,-4.490292324721423e-05,0.00014168825182511724,-0.0003125205142492371,-0.0002442122649226608,0.08793418783005746,-0.00012785650877633614,0.10850594000936983,-0.00011600910438122614,0.11260932258526057,-0.000305220456231714,29.016494686329757,1.2604260901049287,0.18391332272373495,4.490292324721423e-05,True
cook,direct,0.006438196968259414,0.014018103027113102,0.4592773327323234,278479,24993.0,FORWARD_2025,,grid,True,OK,,0.8306516669023984,0.8300260225397339,0.16997397746026607,0.2831581377048864,86176.93377946707,0.20599784180870032,0.9482164191679389,1.0096814263974805,0.9280242770856665,21.050668637445867,0.3591961462426334,1.0879903159088113,-0.10859909356734039,0.8871667721859602,-27.59760056828778,-0.18390471947149117,0.1312789776132418,0.39831570419377926,-0.0001214084884400557,0.0005824463406858271,-7.172843002245521e-05,2.2855546410668892e-05,8.1315227452472e-05,0.1584680279370474,-3.6299671003436895e-05,-0.0001659203105977558,-0.00026873115937059433,-0.00019742199907324398,0.08799031590881135,-7.172843002245521e-05,0.10859909356734039,-2.2855546410668892e-05,0.11283322781403982,-8.1315227452472e-05,27.59760056828778,-0.1584680279370474,0.18390471947149117,3.6299671003436895e-05,True
cook,direct,0.009343661812807113,0.02034426945745393,0.4592773327323234,278479,24993.0,FORWARD_2025,,grid,True,OK,,0.8301311165378147,0.8298530907151034,0.17014690928489656,0.2833021438806665,86377.10838416206,0.20615516892269278,0.9482387233721556,1.0095242021295303,0.9282119726975673,21.06477637177673,0.35894391397349057,1.0876009271843947,-0.10757897608583276,0.8877779008733797,-28.19358199152348,-0.18310388244190762,0.1307703912444303,0.39658308485062926,5.1523336190434366e-05,6.189597610206654e-05,-0.0004611171544390835,0.0010429730279182953,0.0006924439148719985,-0.43751339529865163,0.0007645373585801196,-0.0006745066794092702,-0.0020013505025205935,0.004158067815069666,0.08760092718439472,-0.0004611171544390835,0.10757897608583276,-0.0010429730279182953,0.11222209912662029,-0.0006924439148719985,28.19358199152348,0.43751339529865163,0.18310388244190762,-0.0007645373585801196,True
cook,direct,0.013560320770321632,0.029525342976647346,0.4592773327323234,278479,24993.0,FORWARD_2025,,grid,True,OK,,0.8299439814516758,0.8299306270570246,0.17006937294297536,0.2832375858023826,86285.97860560463,0.20604955236641778,0.9480601514573865,1.0094818973955824,0.9280727215361232,21.06819522442518,0.3591182839398776,1.0877185310701867,-0.10789767512806998,0.8876553418261891,-28.976961253022413,-0.18328114117743968,0.13154715996502708,0.3968251324980182,-2.6013005730768368e-05,-0.0001252391100368122,-0.00034351326864712206,0.0007242739856810759,0.0005698848676813917,-1.2208926567975844,0.0005872786230480542,0.00010226204118751747,-0.0017593028551316503,0.003194015718878229,0.08771853107018668,-0.00034351326864712206,0.10789767512806998,-0.0007242739856810759,0.1123446581738109,-0.0005698848676813917,28.976961253022413,1.2208926567975844,0.18328114117743968,-0.0005872786230480542,True
cook,direct,0.019679896712654306,0.04284970171633567,0.4592773327323234,278479,24993.0,FORWARD_2025,,grid,True,OK,,0.8301679225945985,0.8299515890201167,0.17004841097988332,0.28322012998809687,86385.5128040797,0.20609110087549218,0.9484849243208386,1.0098214860830323,0.9283424077857669,21.05421557825699,0.3587498747831439,1.08776834669398,-0.10776652255866133,0.8874761680739229,-29.125625471234162,-0.18331349653327403,0.1312031092025389,0.3971776767224452,-4.697496882280494e-05,9.870203288586676e-05,-0.00029369764485376315,0.0008554265550897305,0.00039071111541522097,-1.3695568750093337,0.0005549232672137083,-0.00024178872130067863,-0.0014067586307046631,0.0030180455557068386,0.08776834669398004,-0.00029369764485376315,0.10776652255866133,-0.0008554265550897305,0.11252383192607707,-0.00039071111541522097,29.125625471234162,1.3695568750093337,0.18331349653327403,-0.0005549232672137083,True
cook,direct,0.028561148455159703,0.06218715015880339,0.4592773327323234,278479,24993.0,FORWARD_2025,,grid,True,OK,,0.8305336134945479,0.8298698071845321,0.17013019281546793,0.28328822670763937,86383.73334369111,0.20624964423141098,0.9478546063159771,1.0094132632563195,0.928897346132668,21.085179340047677,0.3588839786486901,1.0866790258997596,-0.10639981692185506,0.8895566399515242,-27.968269803444784,-0.18179968065506474,0.13187413977890142,0.3944040431418923,3.480686676179956e-05,0.00046439293283528915,-0.0013830184390741795,0.0022221321918960008,0.0024711829930165186,-0.21220120721995528,0.002068739145422993,0.00042924185506185153,-0.004180392211257544,0.01125119336788638,0.08667902589975962,-0.0013830184390741795,0.10639981692185506,-0.0022221321918960008,0.11044336004847577,-0.0024711829930165186,27.968269803444784,0.21220120721995528,0.18179968065506474,-0.002068739145422993,True
cook,direct,0.04145038020210471,0.09025130840990768,0.4592773327323234,278479,24993.0,FORWARD_2025,,grid,True,OK,,0.8316027282922177,0.8296040847219422,0.17039591527805778,0.28350937109690383,86159.4946001834,0.20620876618303793,0.9483504153365305,1.0097482330901277,0.9293468011633155,21.07535311380047,0.3596325396780866,1.0865139168996647,-0.10600228645723983,0.8900987084560313,-27.94024108874374,-0.18141844203172855,0.13281557027868757,0.3935750107862419,0.0003005293293516509,0.0015335077305050904,-0.0015481274391691002,0.002619662656511229,0.003013251497523628,-0.1841724925189112,0.0024499777687591873,0.0013706723548480015,-0.00500942456690795,0.013324625139094604,0.0865139168996647,-0.0015481274391691002,0.10600228645723983,-0.002619662656511229,0.10990129154396866,-0.003013251497523628,27.94024108874374,0.1841724925189112,0.18141844203172855,-0.0024499777687591873,True
cook,direct,0.060156335155656014,0.13098041394243248,0.4592773327323234,278479,24993.0,FORWARD_2025,,grid,True,OK,,0.8319178506211209,0.8299191332188518,0.17008086678114825,0.283247156696651,86173.37015492306,0.20626094466660547,0.9486979379524978,1.010503998700596,0.9306032111482176,21.094264221775255,0.3588870855151251,1.0858591358757437,-0.105125230435019,0.8910944683923487,-27.023366793342404,-0.1804731202931674,0.132090349862082,0.39173327063008156,-1.4519167557874857e-05,0.0018486300594082739,-0.0022029084630901252,0.0034967186787320664,0.004009011433841025,0.7327018028824241,0.003395299507320343,0.0006454519382424473,-0.006851164723068293,0.018465919873595027,0.08585913587574368,-0.0022029084630901252,0.105125230435019,-0.0034967186787320664,0.10890553160765126,-0.004009011433841025,27.023366793342404,-0.7327018028824241,0.1804731202931674,-0.003395299507320343,True
cook,direct,0.0873040160721099,0.19008997363907035,0.4592773327323234,278479,24993.0,FORWARD_2025,,grid,True,OK,,0.8325705488954303,0.8302788427345932,0.1697211572654068,0.2829474738827983,85921.59133884369,0.20564894416683285,0.9496191040628559,1.0103416981533848,0.9310882777898072,21.021290690672668,0.35828184133484203,1.0851191259240287,-0.10379156683479315,0.8922386585921148,-26.34359965613765,-0.17913277739724104,0.13202366470802143,0.3893014796026993,-0.000374228683299338,0.002501328333717634,-0.0029429184148050958,0.0048303822789579065,0.005153201633607107,1.4124689400871802,0.004735642403246698,0.0005787667841818667,-0.009282955750450572,0.025755605059233466,0.0851191259240287,-0.0029429184148050958,0.10379156683479315,-0.0048303822789579065,0.10776134140788518,-0.005153201633607107,26.34359965613765,-1.4124689400871802,0.17913277739724104,-0.004735642403246698,True
cook,direct,0.12670305135106935,0.27587481968093247,0.4592773327323234,278479,24993.0,FORWARD_2025,,grid,True,OK,,0.8331965832341846,0.8300127285088732,0.16998727149112686,0.28316921069228274,85883.94980528977,0.20605287904003,0.9505797284349274,1.0112446467067755,0.9329534153282589,21.070810665564778,0.35880974723461223,1.0839176212790538,-0.10195948057546418,0.8949055385015037,-26.504710450255867,-0.17728046071336823,0.134887513044176,0.38504259348056336,-0.00010811445757927252,0.003127362672471934,-0.0041444230597800225,0.006662468538286878,0.00782008154299596,1.251358145968961,0.00658795908711951,0.0034426151203364452,-0.013541841872586502,0.03582974767645242,0.08391762127905378,-0.0041444230597800225,0.10195948057546418,-0.006662468538286878,0.10509446149849633,-0.00782008154299596,26.504710450255867,-1.251358145968961,0.17728046071336823,-0.00658795908711951,True
cook,direct,0.18388229939401626,0.400373121617101,0.4592773327323234,278479,24993.0,FORWARD_2025,,"grid,activity",True,OK,,0.8332548237389525,0.8304479486040464,0.1695520513959536,0.2828064778987177,85893.82144430502,0.20594116053468606,0.950957166542431,1.0119149406577452,0.9355241530004221,21.06809210584311,0.3582366742771985,1.0816556017418917,-0.09803153587372893,0.898624917857054,-25.686595172123305,-0.17350640425672456,0.13406801981456815,0.3781463947973607,-0.0005433345527525169,0.0031856031772399263,-0.006406442596942119,0.010590413240022134,0.011539460898546294,2.069473424101524,0.010362015543763176,0.0026231218907285803,-0.020438040555789183,0.05635560231064585,0.08165560174189168,-0.006406442596942119,0.09803153587372893,-0.010590413240022134,0.101375082142946,-0.011539460898546294,25.686595172123305,-2.069473424101524,0.17350640425672456,-0.010362015543763176,True
cook,direct,0.26686571215039057,0.581055700186113,0.4592773327323234,278479,24993.0,FORWARD_2025,,grid,True,OK,,0.8360343177717328,0.8306652892256075,0.16933471077439255,0.2826251617625194,85704.25358566424,0.20596773581262365,0.9524169680315272,1.0131984553627371,0.9388395739002893,21.07906744709292,0.3568038396228373,1.0792029687814857,-0.09456274557028634,0.9033427571364006,-24.092919462999554,-0.16969031777109944,0.13655151062461035,0.3706214048430692,-0.0007606751743135798,0.005965097210020143,-0.008859075557348106,0.014059203543464724,0.01625730017789284,3.663149133225275,0.014178102029388295,0.005106612700770785,-0.027963030510080644,0.07711004448057313,0.0792029687814857,-0.008859075557348106,0.09456274557028634,-0.014059203543464724,0.09665724286359945,-0.01625730017789284,24.092919462999554,-3.663149133225275,0.16969031777109944,-0.014178102029388295,True
cook,direct,0.38729833462074176,0.8432777039455319,0.4592773327323234,278479,24993.0,FORWARD_2025,,"grid,direct_common_lo",True,OK,,0.837963876028657,0.8305127667290033,0.16948723327099674,0.28275241562773035,85629.37886343985,0.20618161250852052,0.9545513688721978,1.0144288001442217,0.9431671543024124,21.108924092694963,0.3574525555123678,1.0755556907561268,-0.08863341670436599,0.9099808301900664,-22.493201863710958,-0.16377974559428582,0.1385764927949198,0.35949586498831726,-0.0006081526777093893,0.007894655466944345,-0.01250635358270702,0.01998853240938507,0.022895373231558658,5.262866732513871,0.020088674206201917,0.007131594871080227,-0.0390885703648326,0.10925570703223408,0.07555569075612678,-0.01250635358270702,0.08863341670436599,-0.01998853240938507,0.09001916980993363,-0.022895373231558658,22.493201863710958,-5.262866732513871,0.16377974559428582,-0.020088674206201917,True
cook,direct,0.5620804515923291,1.2238366919795747,0.4592773327323234,278479,24993.0,FORWARD_2025,,"grid,guardrail",True,OK,,0.8389902370096551,0.830796244381145,0.16920375561885498,0.2825158564101728,85658.65143422404,0.20614721104766004,0.9565802034963637,1.0159754610758465,0.9490366993407408,21.110843263667743,0.35610074524059404,1.0705333753495576,-0.08110893396498778,0.9191368513591647,-19.82641555762989,-0.155894073560606,0.14096332141242593,0.3458539476064887,-0.0008916303298511508,0.00892101644794252,-0.017528668989276186,0.02751301514876328,0.03205139440065696,7.929653038594939,0.027974346239881737,0.009518423488586364,-0.05273048774666117,0.15214328958847956,0.07053337534955761,-0.017528668989276186,0.08110893396498778,-0.02751301514876328,0.08086314864083533,-0.03205139440065696,19.82641555762989,-7.929653038594939,0.155894073560606,-0.027974346239881737,True
cook,direct,0.8157392010776716,1.7761364276888922,0.4592773327323234,278479,24993.0,FORWARD_2025,,grid,True,OK,,0.8399591561539471,0.8305034242380668,0.1694965757619332,0.28276020847273553,85744.19873220043,0.20640691605923273,0.9599553531383246,1.018253995004151,0.9559881672268693,21.12287206660854,0.3550773874048142,1.0651324251825234,-0.07227571046813654,0.9288552870739273,-17.316060678912912,-0.14687974103255086,0.14260723992185262,0.33044971587681155,-0.0005988101867729356,0.0098899355922345,-0.02292961915631042,0.03634623864561452,0.04176983011541957,10.440007917311917,0.03698867876793688,0.011162341998013053,-0.06813471947633831,0.2011692862106098,0.06513242518252338,-0.02292961915631042,0.07227571046813654,-0.03634623864561452,0.07114471292607272,-0.04176983011541957,17.316060678912912,-10.440007917311917,0.14687974103255086,-0.03698867876793688,True
cook,direct,1.1838704624751253,2.5776810177677767,0.4592773327323234,278479,24993.0,FORWARD_2025,,grid,True,OK,,0.8380492721434678,0.8299350353364421,0.17006496466355797,0.28323391495180783,86454.52564748151,0.20746576096968947,0.9632550517325323,1.0214161840625922,0.9649679353839236,21.2249439027317,0.35511409800319715,1.0584975382173814,-0.062301373633211275,0.9414216679677188,-14.38012016566146,-0.13649985782353946,0.1471984906039841,0.314012428275602,-3.0421285148157784e-05,0.007980051581755188,-0.02956450612145245,0.046320575480539784,0.054336211009211044,13.37594843056337,0.047368561976948276,0.015753592680144535,-0.08457200707754786,0.257622064889376,0.05849753821738135,-0.02956450612145245,0.062301373633211275,-0.046320575480539784,0.058578332032281244,-0.054336211009211044,14.38012016566146,-13.37594843056337,0.13649985782353946,-0.047368561976948276,True
cook,direct,1.7181340188990342,3.740951047328084,0.4592773327323234,278479,24993.0,FORWARD_2025,,grid,True,OK,,0.8348561075933896,0.8288965148098236,0.17110348519017637,0.284097398341546,87771.23447315462,0.2087993285241039,0.9669370446955949,1.024675704758515,0.9750217754420938,21.35692459664266,0.35453654492461084,1.0509259696214552,-0.05040249444483586,0.9551623412340311,-10.922916834870628,-0.12412299766207183,0.14889207600957893,0.2960520291495713,0.001008099241470245,0.004786887031676956,-0.037136074717378564,0.0582194546689152,0.06807688427552339,16.833151761354202,0.05974542213841591,0.017447178085739368,-0.10253240620357856,0.3249357459168061,0.050925969621455236,-0.037136074717378564,0.05040249444483586,-0.0582194546689152,0.0448376587659689,-0.06807688427552339,10.922916834870628,-16.833151761354202,0.12412299766207183,-0.05974542213841591,True
cook,direct,2.4935029637671793,5.429187956942882,0.4592773327323234,278479,24993.0,FORWARD_2025,,grid,True,OK,,0.8300524265779499,0.8274055489312788,0.17259445106872118,0.28533250110908154,89604.17163506807,0.21095432338946116,0.972096370447785,1.0289215716214688,0.986695750914864,21.53366103110122,0.3548588202583736,1.0427951784199467,-0.03792216841911406,0.9703744969417943,-6.018752238583163,-0.11062852356381996,0.15282717733775292,0.27860520935440597,0.002499065120015048,-1.6793983762752873e-05,-0.04526686591888707,0.070699780694637,0.08328903998328663,21.737316357641667,0.07323989623666778,0.021382279413913352,-0.11997922599874389,0.3983277624082431,0.04279517841994673,-0.04526686591888707,0.03792216841911406,-0.070699780694637,0.02962550305820566,-0.08328903998328663,6.018752238583163,-21.737316357641667,0.11062852356381996,-0.07323989623666778,True
cook,direct,3.618784659359615,7.879301679947527,0.4592773327323234,278479,24993.0,FORWARD_2025,,grid,True,OK,,0.820920152725459,0.8249397048138768,0.17506029518612318,0.2873635346666938,91825.31996848923,0.21327135725232726,0.9764904540048006,1.032081466278238,0.9974996829478514,21.72144167440073,0.35528780991718595,1.0346684654858127,-0.025404015117442027,0.9853868724413124,-2.1257163694984187,-0.09723734324331684,0.15511483495196118,0.2640481847632859,0.004964909237417048,-0.009149067836253577,-0.053393578853021095,0.08321793399630903,0.09830141548280469,25.63035222672641,0.0866310765571709,0.023669937028121618,-0.13453625058986396,0.4711579979377246,0.034668465485812705,-0.053393578853021095,0.025404015117442027,-0.08321793399630903,0.0146131275586876,-0.09830141548280469,2.1257163694984187,-25.63035222672641,0.09723734324331684,-0.0866310765571709,True
cook,direct,5.2518896512686215,11.43511616396173,0.4592773327323234,278479,24993.0,FORWARD_2025,,grid,True,OK,,0.8078556001164885,0.8225910339934877,0.17740896600651235,0.2892847974472113,94436.06817629247,0.21568834409100757,0.9806008360084331,1.036036782206308,1.0083891059387757,21.917900102998424,0.35479148271829103,1.0274176665581816,-0.014678415908031595,0.9987625617404975,0.6353328909829703,-0.08580492032576378,0.1559045909260827,0.25453156272390404,0.007313580057806218,-0.022213620445224125,-0.06064437778065224,0.09394353320571946,0.11167710478198978,28.391401487207798,0.09806349947472395,0.024459693002243127,-0.14405287262924582,0.5333351947067956,0.027417666558181564,-0.06064437778065224,0.014678415908031595,-0.09394353320571946,0.0012374382595025102,-0.11167710478198978,0.6353328909829703,-27.12073570524186,0.08580492032576378,-0.09806349947472395,True
cook,direct,7.621991222319222,16.595618113732343,0.4592773327323234,278479,24993.0,FORWARD_2025,,grid,True,OK,,0.795521293316266,0.8198023969691045,0.18019760303089552,0.29154952194194605,97054.7264328003,0.21848008440303862,0.9838373074737005,1.039430620584559,1.0188133940327342,22.156254530893698,0.356974378000236,1.0202365091316834,-0.004118134613403179,1.0121570328151175,3.3085486568473805,-0.07426698323295514,0.15847693197053844,0.24771840831496958,0.01010221708218939,-0.03454792724544664,-0.0678255352071504,0.10450381450034787,0.12507157585660977,31.06461725307221,0.1096014365675326,0.027032034046698877,-0.15086602703818028,0.5960862484512518,0.0202365091316834,-0.0678255352071504,0.004118134613403179,-0.10450381450034787,0.012157032815117486,-0.1007575102263748,3.3085486568473805,-24.447519939377447,0.07426698323295514,-0.1096014365675326,True
cook,direct,11.061685231539125,24.08497969131455,0.4592773327323234,278479,24993.0,FORWARD_2025,,grid,True,OK,,0.7833958640949696,0.8169209935823837,0.18307900641761632,0.2938712512882681,99396.97069324821,0.2210723227602016,0.9856862969890697,1.0421327470760213,1.0261392723186498,22.392280702515396,0.3582737887236863,1.0155860663253176,0.0038209928373956854,1.0207633005564747,6.9833309678448,-0.06617009722450456,0.1582692632025345,0.24242025101571651,0.01298362046891019,-0.04667335646674298,-0.07247597801351624,0.11244294195114675,0.13367784359796697,34.73939956406963,0.11769832257598317,0.026824365278694945,-0.15616418433743334,0.6401225545077043,0.01558606632531756,-0.07247597801351624,0.0038209928373956854,-0.10480095627635537,0.020763300556474684,-0.0921512424850176,6.9833309678448,-20.77273762838003,0.06617009722450456,-0.11769832257598317,True
cook,direct,16.05366322167172,34.95418144450019,0.4592773327323234,278479,24993.0,FORWARD_2025,,grid,True,OK,,0.769586151897097,0.8143790900625631,0.1856209099374369,0.29590430079481805,101603.90241360292,0.2233422385363976,0.9876149155414095,1.0440122013735706,1.032324274698709,22.58629747797321,0.3590636889730877,1.0113219527636053,0.0103483466702214,1.0286449440481555,9.605233026888238,-0.059382675310850355,0.15853750207844203,0.23928500979717263,0.015525523988730777,-0.060483068664615613,-0.07674009157522854,0.11897029578397246,0.14155948708964783,37.361301623113064,0.12448574448963738,0.027092604154602462,-0.15929942555597723,0.6770371150451752,0.011321952763605259,-0.07674009157522854,0.0103483466702214,-0.09827360244352966,0.02864494404815554,-0.08426959899333675,9.605233026888238,-18.150835569336593,0.059382675310850355,-0.12448574448963738,True
cook,direct,23.298448422672752,50.72849618783948,0.4592773327323234,278479,24993.0,FORWARD_2025,,grid,True,OK,,0.7634850202455852,0.8120456649781472,0.1879543350218528,0.2977583863322423,103167.7230266341,0.22538799698633827,0.9894105393644611,1.0451897719104688,1.0364415250278776,22.75823107552614,0.3604421540155216,1.0084406564879345,0.015568735023142688,1.033542887756227,11.657330518260173,-0.05365207413274321,0.1560125802163331,0.2358771416781095,0.017858949073146668,-0.06658420031612744,-0.07962138785089934,0.12419068413689374,0.14645743079771922,39.413399114485,0.13021634566774454,0.024567682292493537,-0.16270729367504036,0.7082039743912516,0.008440656487934461,-0.07962138785089934,0.015568735023142688,-0.09305321409060838,0.033542887756226936,-0.07937165528526535,11.657330518260173,-16.098738077964654,0.05365207413274321,-0.13021634566774454,True
cook,direct,33.81270003043063,73.62153021851265,0.4592773327323234,278479,24993.0,FORWARD_2025,,grid,True,OK,,0.745584322562435,0.8082716412681794,0.19172835873182062,0.300732944171218,105561.17700232351,0.22822211930652045,0.9889567192521813,1.0465916511403106,1.0406709667924574,23.053939618012727,0.36352123514386575,1.0056892952112442,0.020219958257392825,1.0386950832527975,12.511401514570265,-0.04986245256341813,0.15291282712811163,0.23327170414800416,0.02163297278311449,-0.08448489799927761,-0.08237274912758963,0.12884190737114387,0.15160962629428976,40.267470110795095,0.1340059672370696,0.021467929204272068,-0.1653127312051457,0.728814482565723,0.005689295211244172,-0.08237274912758963,0.020219958257392825,-0.08840199085635823,0.03869508325279747,-0.07421945978869482,12.511401514570265,-15.244667081654564,0.04986245256341813,-0.1340059672370696,True
cook,direct,49.071880779635485,106.84585822622259,0.4592773327323234,278479,24993.0,FORWARD_2025,,grid,True,OK,,0.7423363663154872,0.8055953518163453,0.19440464818365466,0.30282459919375,107185.10312679286,0.23044291453950688,0.988064617367087,1.047823027303562,1.042896274695185,23.296220770544508,0.36742924442943314,1.0047241060572558,0.0227661417922716,1.0407928433181592,14.714988757946697,-0.04858216010583517,0.1519127698281653,0.2320680526358546,0.02430926223494853,-0.08773285424622546,-0.08333793828157798,0.13138809090602266,0.15370738635965153,42.47105735417153,0.13528625969465258,0.020467871904325724,-0.16651638271729527,0.7357775731223949,0.004724106057255817,-0.08333793828157798,0.0227661417922716,-0.08585580732147946,0.040792843318159244,-0.07212169972333304,14.714988757946697,-13.041079838278131,0.04858216010583517,-0.13528625969465258,True
cook,direct,71.21730832153513,155.0638432292109,0.4592773327323234,278479,24993.0,FORWARD_2025,,grid,True,OK,,0.7257434156667566,0.7988455343072791,0.2011544656927209,0.3080368460185047,110497.05236917133,0.23584435412332672,0.9858706802293798,1.0491862344885616,1.0459144681296906,23.88621035835055,0.37362503095283517,1.003128139497603,0.027029330580576535,1.044073669813883,17.277688588451948,-0.046894729107563544,0.14824516871633317,0.22819895318484545,0.031059079744014784,-0.10432580489495602,-0.08493390484123076,0.1356512796943276,0.15698821285537534,45.03375718467677,0.1369736906929242,0.016800270792493605,-0.1703854821683044,0.7449549566018561,0.003128139497603044,-0.08493390484123076,0.027029330580576535,-0.08159261853317452,0.044073669813883054,-0.06884087322760923,17.277688588451948,-10.47838000777288,0.046894729107563544,-0.1369736906929242,True
cook,direct,103.35664588322452,225.04190500397058,0.4592773327323234,278479,24993.0,FORWARD_2025,,grid,True,OK,,0.7123335822077739,0.7939746428502762,0.20602535714972386,0.3117440452566604,112772.55847888376,0.23918264410021833,0.9860853682555649,1.0505840611245412,1.048403680991022,24.222008990810764,0.3786993723122774,1.002079714305713,0.03066895213145104,1.0461144884050062,17.695842633631155,-0.045402757850354435,0.14359043275842556,0.2243270510886675,0.035929971201017735,-0.11773563835393874,-0.08598233003312084,0.1392909012452021,0.1590290314464985,45.45191122985598,0.1384656619501333,0.012145534834585997,-0.17425738426448237,0.7530692986885941,0.0020797143057129652,-0.08598233003312084,0.03066895213145104,-0.07795299698230002,0.046114488405006204,-0.06680005463648608,17.695842633631155,-10.060225962593673,0.045402757850354435,-0.1384656619501333,True
cook,direct,150.0,326.6000503609073,0.4592773327323234,278479,24993.0,FORWARD_2025,,grid,True,OK,,0.5929244019009272,0.758706163057846,0.24129383694215406,0.33737348200269646,128584.03614582894,0.26425503447344983,0.9886074779754072,1.0630522193618073,1.065305903299831,26.709684141591094,0.40694363945930717,0.9978844724965449,0.04979851671908953,1.054868173913625,18.17591468545332,-0.044509134476270945,0.12534524270754657,0.19893026568095823,0.07119845099344793,-0.2371448186607854,-0.09017757184228892,0.15842046583284058,0.16778271695511726,45.93198328167815,0.1393592853242168,-0.006099655216292993,-0.19965416967219163,0.7579294229832019,0.002115527503455117,-0.08594651683537868,0.04979851671908953,-0.05882343239466153,0.054868173913624974,-0.058046369127867314,18.17591468545332,-9.580153910771507,0.044509134476270945,-0.1393592853242168,True
cook,direct,0.8068175897491117,1.756711102960838,0.4592773327323234,278479,24993.0,FORWARD_2025,,A_beta_0.25,False,OK,,0.8392185654536485,0.830346152369778,0.16965384763022193,0.2828913613149961,85813.30585440114,0.20669520905327896,0.9602413219772163,1.0188209545212767,0.9563089553850252,21.156987729917176,0.35589255403763653,1.0653679951277704,-0.07251906754323183,0.9287710995936181,-17.69912370137586,-0.14724334688235427,0.14382002667500365,0.3307573816954975,-0.00044153831848420255,0.009149344891935862,-0.02269404921106344,0.03610288157051923,0.04168564263511043,10.056944894848968,0.03662507291813347,0.012375128751164088,-0.06782705365765235,0.19919175330855976,0.06536799512777036,-0.02269404921106344,0.07251906754323183,-0.03610288157051923,0.07122890040638186,-0.04168564263511043,17.69912370137586,-10.056944894848968,0.14724334688235427,-0.03662507291813347,True
cook,direct,2.486762272316388,5.4145112224942435,0.4592773327323234,278479,24993.0,FORWARD_2025,,A_beta_0.5,False,OK,,0.8291135611280281,0.827126628012496,0.17287337198750402,0.2855629635470467,89614.72369266786,0.2109307008583951,0.9714406125633582,1.0284945504783458,0.9864192505004641,21.54120977984219,0.3547563657334774,1.0426545811596182,-0.03772986335862004,0.9706208105526987,-7.601786946060115,-0.11059192299612539,0.15249652974990982,0.27872726389374985,0.0027779860387978916,-0.0009556594336844748,-0.045407463179215624,0.07089208575513102,0.08353535359419095,20.154281650164712,0.07327649680436235,0.021051631826070255,-0.1198571714594,0.3985268208856819,0.04265458115961818,-0.045407463179215624,0.03772986335862004,-0.07089208575513102,0.029379189447301335,-0.08353535359419095,7.601786946060115,-20.154281650164712,0.11059192299612539,-0.07327649680436235,True
cook,direct,7.891876567728306,17.18324856308086,0.4592773327323234,278479,24993.0,FORWARD_2025,,A_beta_0.75,False,OK,,0.792416927985496,0.8194744281744726,0.18052557182552748,0.2918147188016759,97331.57257351997,0.21882713297642023,0.9831819058334769,1.0396827546342375,1.019319598341201,22.203289240947242,0.35671394524717714,1.019977204721831,-0.0036977300537095977,1.0128094995542463,3.9401664634241227,-0.07407018365081375,0.159272113937876,0.24739845882875436,0.010430185876821346,-0.037652292576216606,-0.06808483961700285,0.10492421906004146,0.12572404259573855,31.696235059648952,0.10979823614967399,0.027827216014036427,-0.1511859765243955,0.5971565767999423,0.019977204721830955,-0.06808483961700285,0.0036977300537095977,-0.10492421906004146,0.012809499554246262,-0.10010504348724603,3.9401664634241227,-23.815902132800705,0.07407018365081375,-0.10979823614967399,True
cook,direct,21.96737100326585,47.83029650642241,0.4592773327323234,278479,24993.0,FORWARD_2025,,A_beta_0.9,False,OK,,0.7602766232909532,0.8121375599569296,0.1878624400430704,0.2976855871442375,103325.01638958165,0.22537077456653684,0.9885269926339275,1.04545411477331,1.0367898381649157,22.77439288064215,0.36145203391753417,1.0083568301785537,0.015741987632384855,1.033949767263006,11.55317828379587,-0.0536819286286519,0.15649075990041716,0.23696081102416913,0.01776705409436427,-0.06979259727075937,-0.07970521416028009,0.12436393674613591,0.1468643103044983,39.309246880020694,0.13018649117183584,0.0250458619765776,-0.16162362432898073,0.7080416055845742,0.008356830178553709,-0.07970521416028009,0.015741987632384855,-0.09287996148136621,0.033949767263006025,-0.07896477577848626,11.55317828379587,-16.20289031242896,0.0536819286286519,-0.13018649117183584,True
cook,direct,0.3909396965577807,0.8512061638923266,0.4592773327323234,278479,24993.0,FORWARD_2025,,direct_coverage75_lo,False,OK,,0.8379190006738273,0.8307644731577714,0.16923552684222862,0.2825423790279467,85458.59856493973,0.20576847895713501,0.9549081936062066,1.0144441295915183,0.9436079958692896,21.065997927451356,0.3565763854710251,1.0750694504840135,-0.08822230028041902,0.9109018516636833,-22.709215382974676,-0.16324483754433602,0.13882750255010154,0.3594349544766648,-0.0008598591064775118,0.00784978011211468,-0.012992593854820322,0.020399648833332035,0.023816394705175603,5.046853213250152,0.020623582256151712,0.007382604626261974,-0.039149480876485065,0.11216489638911342,0.07506945048401348,-0.012992593854820322,0.08822230028041902,-0.020399648833332035,0.08909814833631668,-0.023816394705175603,22.709215382974676,-5.046853213250152,0.16324483754433602,-0.020623582256151712,True
cook,direct,0.8111718071042558,1.7661916870106542,0.4592773327323234,278479,24993.0,FORWARD_2025,,direct_coverage75_hi,False,OK,,0.8392372811923898,0.8304932514817109,0.16950674851828904,0.28276869362217577,85739.45646224618,0.20637554676535896,0.9607816283912066,1.0187555855450217,0.9563893880727562,21.113820035319424,0.35492054672753093,1.065210047549713,-0.07247679322906389,0.9289591085515201,-17.603436754057014,-0.14707606719402772,0.14311377342131587,0.33086497740370513,-0.0005886374304170938,0.00916806063067721,-0.022851996789120754,0.03614515588468717,0.04187365159301237,10.152631842167814,0.03679235260646002,0.011668875497476305,-0.06771945794944473,0.2001015326415636,0.06521004754971305,-0.022851996789120754,0.07247679322906389,-0.03614515588468717,0.07104089144847991,-0.04187365159301237,17.603436754057014,-10.152631842167814,0.14707606719402772,-0.03679235260646002,True
