county_key,label,status,role,model_N,n_folds_completed,selected_lgbm_config,R2_price,R2_log,NMSE,RMSE_log,MAE,MAPE,COD,PRD,PRB,MKI,VEI,beta_log,Delta_NL,dCor,structural_core_R2_price
wayne,"Wayne County, MI",OK,PRIMARY_FULL_7_FOLD,164695,7,grid_03,0.6233589662687039,0.7750476650234983,0.2249523349765017,0.297533303924661,39470.29251681891,0.2199115431971756,22.55130492382944,1.0926202657507391,-0.1140777573389296,0.83358212320588,-31.95025661961537,-0.2269766341672223,0.1238478081224463,0.4932036839073082,0.5991257406914089
philadelphia,"Philadelphia County, PA",OK,PRIMARY_FULL_7_FOLD,63151,7,grid_01,0.6296910019730085,0.6647325925948294,0.3352674074051704,0.3324205543833571,63022.07522672425,0.2513261425522303,25.29652688736017,1.1080966076259158,-0.1801338231539187,0.7666078199951727,-42.626532706089264,-0.3136092232778183,0.0713941108413848,0.5373457650928762,0.5906481696811016
st_louis_county,"St. Louis County, MO",OK,PRIMARY_FULL_7_FOLD,131321,7,grid_08,0.724605308363013,0.8363558204036879,0.1636441795963121,0.3040440604776445,60940.03017853572,0.2122284445471119,21.55958248267025,1.1001385167977522,-0.0633609393325155,0.880360539209782,-31.212744200762508,-0.1569569483025258,0.0893840119533773,0.3791746736927355,0.7004240760282203
allegheny,"Allegheny County, PA",OK,PRIMARY_FULL_7_FOLD,110681,7,grid_07,0.685681540022806,0.7579737343393355,0.2420262656606646,0.3179435720466333,52441.13064538431,0.2406547245278367,24.714342197668422,1.1032146469833737,-0.1165164424779177,0.8420436682383677,-34.92937035846553,-0.2319568809231761,0.1316781881225083,0.4711515147583073,0.6462567171820021
maricopa,"Maricopa County, AZ",OK,PRIMARY_FULL_7_FOLD,553132,7,grid_04,0.4402273008452969,0.806332411468001,0.1936675885319989,0.2210644939323912,87944.34156732805,0.1529501102290994,12.871347826141076,1.0511392092556808,-0.0392474569624493,0.8874593356628929,-4.757319040392358,-0.1276742439506109,0.136214810181012,0.2423740832961207,0.42174902976166184
king,"King County, WA",OK,PRIMARY_FULL_7_FOLD,177707,7,grid_02,0.5204379545319933,0.7640324023288789,0.235967597671121,0.2650962372326382,206648.41895946377,0.1823101359131634,17.009106164974437,1.081733465026118,-0.0701028785865473,0.8254127926083669,-8.269400881065861,-0.190337144831109,0.1257164819898802,0.3242786433157523,0.47440887651824415
miami_dade,"Miami-Dade County, FL",OK,PRIMARY_FULL_7_FOLD,140853,7,grid_06,0.6504632937058367,0.8265819390305064,0.1734180609694936,0.2804139282440366,176819.5238374511,0.1992293690147562,19.205288365923327,1.1031154505660543,-0.0358886166867182,0.8887180542131092,-8.156355290944651,-0.1386718393334444,0.1475815041548882,0.3278191573462918,0.628027529325789
middlesex,"Middlesex County, MA",OK,PRIMARY_FULL_7_FOLD,74121,7,grid_09,0.5650203262442846,0.7457989262286182,0.2542010737713817,0.2714426437235539,168368.19964291932,0.1939015478934712,18.689357094926077,1.1000752183541207,-0.1370599758509954,0.7718858590031495,-20.6236826545292,-0.2612484033995532,0.1305009724297317,0.4418973027615297,0.5142234680879004
cook,"Cook County, IL",OK,PRIMARY_FULL_7_FOLD,278479,7,grid_02,0.7059853804385054,0.8127888045836658,0.1872111954163342,0.285946862584176,75953.17246809651,0.2075720580021463,20.955940868076404,1.0727130693140254,-0.0723492023577473,0.8961965703677262,-18.332492612245154,-0.1577981293012369,0.1043345756365776,0.3277995664355066,0.6577040923007722
