county_key,fold,validation_year,config_name,n_train,n_val,R2_price,R2,R2_log,R2 (log),OOS_R2_price,OOS R2,OOS_R2_log,RMSE_price,RMSE,RMSE_log,MAE_price,MAE,MAPE,MdAPE,"Corr(r,price)","Corr(r,logprice)",Slope(r~logy),Std ratio,Median ratio,Mean ratio,W. Mean ratio,COD,COV_IAAO,VEI,PRD,PRB,MKI,Cov_log_residual_log_price,Beta_log,Corr_log_residual_log_price,dCor_e_y,fairness_ratio_mode,"Corr(r,y)_price","FisherZ(r,y)_price",Slope(r~y)_price,Std(r),val_rows,small_abs_y_share,y_q05,y_q50,y_q95,r_q05,r_q50,r_q95,N,RMSE (log),MAE (log),"Cov(e,logprice)",NMSE,Delta_NL
st_louis_county,1,2018,grid_00,27280,14788,0.8046740630648179,0.8046740630648179,0.855803705014428,0.855803705014428,0.8047384705565016,0.8047384705565016,0.8559923365998428,109954.16727172896,109954.16727172896,0.27122819429246764,47269.8800455954,47269.8800455954,0.19696414690504685,0.135904012921216,-0.1445806701144191,-0.22070323569011865,-0.13323718486121106,0.43119580743144004,0.9458165607246622,1.004185628451953,0.9460550214475688,20.122191863460866,0.429413024046743,-18.024342149672666,1.0614452708209698,-0.021651765344790633,0.9185990868231809,-0.056754601504104114,-0.11124628452189265,-0.2957251199018268,0.27779527215455574,div,-0.1445806701144191,-0.14560091445883938,-2.5058382092717746e-07,0.43119580743144004,14788,0.0,65000.00000000002,198999.9999999999,690000.0000000002,0.6761817973501651,0.9458165607246622,1.485524962701413,14788,0.27122819429246764,0.18819842981395452,-0.056754601504104135,0.1441962949855719,0.08318286584620871
st_louis_county,1,2018,grid_01,27280,14788,0.8123134183139706,0.8123134183139706,0.85797973571417,0.85797973571417,0.8123753067766026,0.8123753067766026,0.8581655207068837,107782.52363705663,107782.52363705663,0.26917389573215733,46506.49232796198,46506.49232796198,0.1950926021777022,0.13251288532413585,-0.1401304413985689,-0.21454632309520355,-0.13047195711526619,0.43436405899063635,0.947100283407207,1.0044267035378511,0.9476713977514376,19.901329141036616,0.432464354616269,-17.837244791088526,1.059889225232584,-0.019782106587489922,0.9210664454189134,-0.05479200172079402,-0.10739933769977585,-0.28761862984369535,0.27307669140416563,div,-0.1401304413985689,-0.14105862771176325,-2.4465530492012605e-07,0.43436405899063635,14788,0.0,65000.00000000002,198999.9999999999,690000.0000000002,0.6785406562976203,0.947100283407207,1.485871824879847,14788,0.26917389573215733,0.1861202033067557,-0.05479200172079404,0.14202026428583,0.08432658511038069
st_louis_county,1,2018,grid_02,27280,14788,0.8155490366655731,0.8155490366655731,0.8569610932697812,0.8569610932697812,0.8156098582035287,0.8156098582035287,0.8571482108081008,106849.42750801367,106849.42750801367,0.2701374978293224,46396.37095745693,46396.37095745693,0.19532038412204022,0.13260812355647353,-0.1397731168282956,-0.21542145226524312,-0.13057312921257908,0.43293494767739027,0.9482567905632728,1.0048149187162692,0.948390591495564,19.9265577311965,0.4308749585668055,-16.167321807696013,1.0594948196731124,-0.019573253730207442,0.9217803190882669,-0.054678645959813164,-0.10717714589674891,-0.2859589474894589,0.2735556631984633,div,-0.1397731168282956,-0.140694164579998,-2.432285544023849e-07,0.43293494767739027,14788,0.0,65000.00000000002,198999.9999999999,690000.0000000002,0.6772495816497985,0.9482567905632728,1.492466741212156,14788,0.2701374978293224,0.18628260689919837,-0.0546786459598132,0.1430389067302188,0.08311787850252059
st_louis_county,1,2018,grid_03,27280,14788,0.8134533260910872,0.8134533260910872,0.8564246531128321,0.8564246531128321,0.8135148386763431,0.8135148386763431,0.8566124723998151,107454.71848926363,107454.71848926363,0.270643573387523,46458.38759283821,46458.38759283821,0.1956621068645643,0.13186748851559366,-0.14297077408460268,-0.218790693217782,-0.13197548947198162,0.4308461523993643,0.9500884205541471,1.00588936728567,0.9484526536872613,19.96345628526001,0.42833808028566017,-16.09942538933055,1.060558335068297,-0.020879940164242154,0.919955377984246,-0.05547982455020062,-0.10874755849867064,-0.28945197897263525,0.2758406306727315,div,-0.14297077408460268,-0.14395703669337867,-2.475926520757566e-07,0.4308461523993643,14788,0.0,65000.00000000002,198999.9999999999,690000.0000000002,0.6753572699175718,0.9500884205541471,1.4892879591351706,14788,0.270643573387523,0.18657802762904369,-0.05547982455020064,0.14357534688716794,0.0827024356035081
st_louis_county,1,2018,grid_04,27280,14788,0.8148028825356259,0.8148028825356259,0.8549508098098882,0.8549508098098882,0.8148639501131841,0.8148639501131841,0.8551405571172751,107065.32682994401,107065.32682994401,0.2720291447137935,46484.120708655646,46484.120708655646,0.19626837159189325,0.1325806533644655,-0.14561626781579529,-0.22276116927170952,-0.13518495540873557,0.4334576330140237,0.9493577582699801,1.005026184690282,0.9461720951061539,20.005752312408365,0.4313044735375831,-16.974507785667285,1.0622023095888544,-0.022680794731628217,0.9176188303047583,-0.05688697737816989,-0.11150575818147056,-0.2954384808716526,0.2815993325975703,div,-0.14561626781579529,-0.14665878419283507,-2.5370253993853437e-07,0.4334576330140237,14788,0.0,65000.00000000002,198999.9999999999,690000.0000000002,0.6720195585733453,0.9493577582699801,1.4826264800472664,14788,0.2720291447137935,0.18733158711778677,-0.05688697737816991,0.14504919019011175,0.08368430974057973
st_louis_county,1,2018,grid_05,27280,14788,0.8139929165163994,0.8139929165163994,0.8531606083373203,0.8531606083373203,0.814054251175127,0.814054251175127,0.853352697511688,107299.19835854293,107299.19835854293,0.27370269275118175,46876.513944516235,46876.513944516235,0.19767796028146384,0.13344483934175355,-0.14474076630439894,-0.2211845265927482,-0.13601273104034184,0.4392204990845644,0.9492335240473968,1.0050900826808677,0.9458120797641961,20.167216137715545,0.43701092864988783,-17.140703641946768,1.0626741867490743,-0.022187277287387796,0.9168369616030856,-0.05707730781884401,-0.11187883021079102,-0.29464875796093115,0.27980594946785803,div,-0.14474076630439894,-0.14576443254699897,-2.5552990469670406e-07,0.4392204990845644,14788,0.0,65000.00000000002,198999.9999999999,690000.0000000002,0.6681494142621743,0.9492335240473968,1.4897050819583508,14788,0.27370269275118175,0.18875826588462868,-0.05707730781884403,0.14683939166267967,0.08308274410367192
st_louis_county,1,2018,grid_06,27280,14788,0.8113247724180257,0.8113247724180257,0.8576186445088065,0.8576186445088065,0.8113869868803858,0.8113869868803858,0.8578049018659909,108066.02497088283,108066.02497088283,0.26951587025301266,46474.2975809629,46474.2975809629,0.19526288203615125,0.13314758537132554,-0.14059438824036735,-0.21469768983331702,-0.13131370738954798,0.4368581812665147,0.9471326501742616,1.0045200985472444,0.9472499176583894,19.931982226093382,0.4349071296294374,-17.620781760202824,1.060459420287338,-0.020102000004628636,0.9202482874688694,-0.05519239682094298,-0.10818416335358863,-0.28935046267623343,0.27542951826569306,div,-0.14059438824036735,-0.14153189876322753,-2.46874778913585e-07,0.4368581812665147,14788,0.0,65000.00000000002,198999.9999999999,690000.0000000002,0.6762120980961315,0.9471326501742616,1.483278976088919,14788,0.26951587025301266,0.18625480889218135,-0.055192396820943,0.1423813554911935,0.08538631061502769
st_louis_county,1,2018,grid_07,27280,14788,0.811160048114791,0.811160048114791,0.8570030634047707,0.8570030634047707,0.8112223168939477,0.8112223168939477,0.8571901260395083,108113.18860026926,108113.18860026926,0.27009786337146185,46540.5056003653,46540.5056003653,0.1952074246948854,0.13267298413282128,-0.14457692287905,-0.22100040824084924,-0.1312664400155698,0.42424664163100945,0.9486182176303428,1.0044540706162879,0.9472617807300339,19.91622082784142,0.4223796777343481,-16.182044739524642,1.0603764355848677,-0.021190729715981658,0.9203976734964465,-0.05535878843646531,-0.10851031222102656,-0.2895838406476567,0.2749425276685834,div,-0.14457692287905,-0.1455970872226434,-2.465390138828471e-07,0.42424664163100945,14788,0.0,65000.00000000002,198999.9999999999,690000.0000000002,0.6778783681601408,0.9486182176303428,1.4834957970944134,14788,0.27009786337146185,0.1864462672562822,-0.055358788436465335,0.14299693659522922,0.08433312549335484
st_louis_county,1,2018,grid_08,27280,14788,0.8122204780848538,0.8122204780848538,0.8571442493587678,0.8571442493587678,0.8122823971939382,0.8122823971939382,0.8573311272999227,107809.20666506466,107809.20666506466,0.2699644918362399,46441.98065128931,46441.98065128931,0.19504986149235962,0.13236018401097416,-0.14695306061555727,-0.22404630817875731,-0.1333105345168512,0.4249956251919375,0.9500418367153458,1.0058573788262677,0.9476224981056226,19.88392075939389,0.42253504769040817,-17.22588973129655,1.0614536704616675,-0.02278645210492301,0.9185214250749507,-0.05617212716076829,-0.11010456024213088,-0.2937799437697089,0.27851935857855503,div,-0.14695306061555727,-0.14802480905717005,-2.510333140184965e-07,0.4249956251919375,14788,0.0,65000.00000000002,198999.9999999999,690000.0000000002,0.6763687264629586,0.9500418367153458,1.4845353754704946,14788,0.2699644918362399,0.1860127325584974,-0.05617212716076832,0.14285575064123218,0.08272561949265138
st_louis_county,1,2018,grid_09,27280,14788,0.7997358809608591,0.7997358809608591,0.8544897693883464,0.8544897693883464,0.7998019167868428,0.7998019167868428,0.8546801198096042,111335.40876371943,111335.40876371943,0.27246112551315244,47629.84447336665,47629.84447336665,0.19881311053856823,0.1366761296873617,-0.1406608354197173,-0.21170356289065975,-0.13318150258764613,0.4493383902638479,0.9464093685091794,1.0060510132350806,0.9471168919279105,20.33296540842225,0.446650893237378,-17.153920359864955,1.062224760015848,-0.01926435896504414,0.917522924618109,-0.05599668286119581,-0.109760666955054,-0.2902499043853558,0.26914609711508847,div,-0.1406608354197173,-0.1415996865218057,-2.5404753298073347e-07,0.4493383902638479,14788,0.0,65000.00000000002,198999.9999999999,690000.0000000002,0.6746845160087891,0.9464093685091794,1.4899284387969147,14788,0.27246112551315244,0.18952707219498358,-0.055996682861195836,0.1455102306116536,0.08418093070280266
st_louis_county,1,2018,grid_10,27280,14788,0.8149879892912995,0.8149879892912995,0.854074530132491,0.854074530132491,0.8150489958310764,0.8150489958310764,0.8542654237524432,107011.8069095105,107011.8069095105,0.2728496066381068,46936.94892132813,46936.94892132813,0.197686450617304,0.1337410633140031,-0.13948631065211095,-0.2142169608154584,-0.1318878219115985,0.4397528111405568,0.9471054300418285,1.0043469638188887,0.9471516684638983,20.18883478060036,0.4378643001936475,-15.942218049367325,1.060386627885849,-0.019054505283347244,0.9204414713786404,-0.05496222906966823,-0.10773300509562388,-0.28471389566166694,0.27142899998241476,div,-0.13948631065211095,-0.14040165551117836,-2.465519695679547e-07,0.4397528111405568,14788,0.0,65000.00000000002,198999.9999999999,690000.0000000002,0.6690145692841811,0.9471054300418285,1.4841126520609746,14788,0.2728496066381068,0.18882825961084257,-0.05496222906966826,0.14592546986750893,0.08202850139666246
st_louis_county,1,2018,grid_11,27280,14788,0.7929226887848394,0.7929226887848394,0.8530857632073514,0.8530857632073514,0.7929909712178294,0.7929909712178294,0.8532779502909998,113213.4419993956,113213.4419993956,0.27377243801389956,48238.0702965924,48238.0702965924,0.19946678739162688,0.1372816406116642,-0.14397750724921146,-0.2157704076546856,-0.1330708440028349,0.44050293981652044,0.9472418535210935,1.0060011092332233,0.9468635281680462,20.396406492049426,0.437890008729648,-16.68385578022887,1.0624562878449804,-0.020069248711826776,0.91707820624662,-0.056839500096941414,-0.11141269663234687,-0.29319625546368266,0.26935589541129934,div,-0.14397750724921146,-0.14498492893823303,-2.54924587706183e-07,0.44050293981652044,14788,0.0,65000.00000000002,198999.9999999999,690000.0000000002,0.6742688862742912,0.9472418535210935,1.491617386175797,14788,0.27377243801389956,0.19069654656093352,-0.05683950009694144,0.14691423679264856,0.08040770691200522
st_louis_county,2,2019,grid_00,42068,15068,0.7982143374929727,0.7982143374929727,0.8581277493688727,0.8581277493688727,0.7984347181008636,0.7984347181008636,0.8583065936852623,120768.55614376928,120768.55614376928,0.274018378340397,48118.85763724579,48118.85763724579,0.19820354160754766,0.13635286108706904,-0.1906950805237938,-0.28835103852387467,-0.14955731479596288,0.37732632156794393,0.9548771014591588,1.0132327546400062,0.9423141764713976,20.27617546924863,0.3724108219423152,-26.130572341285962,1.075260014058338,-0.044349846125111426,0.9035663319955575,-0.06829723919896719,-0.12904501223414686,-0.3443090204890473,0.3264845653394713,div,-0.1906950805237938,-0.19305838085077093,-2.676380578296007e-07,0.37732632156794393,15068,0.0,63000.00000000004,200000.00000000006,704999.9999999994,0.6830798068103214,0.9548771014591588,1.5109677873190255,15068,0.274018378340397,0.18930670482545922,-0.06829723919896719,0.1418722506311273,0.10088733931230891
st_louis_county,2,2019,grid_01,42068,15068,0.8020633638786918,0.8020633638786918,0.8607603351968182,0.8607603351968182,0.8022795407648508,0.8022795407648508,0.8609358608725952,119611.19084257142,119611.19084257142,0.27146412695364214,47443.3692755627,47443.3692755627,0.195492627176366,0.13293749632278185,-0.19291646411162533,-0.2922491564909267,-0.1490492382198928,0.3710286592829675,0.9576656429655034,1.0138041354561722,0.943256870865274,19.963607396639482,0.36598881256023313,-26.657704699108834,1.0747911483816528,-0.045626945565060174,0.9040763208574781,-0.06815192210555888,-0.12877044116338843,-0.34666945352903855,0.3301278968386246,div,-0.19291646411162533,-0.19536461046066547,-2.6623676570910686e-07,0.3710286592829675,15068,0.0,63000.00000000004,200000.00000000006,704999.9999999994,0.6884654036750284,0.9576656429655034,1.511363841330671,15068,0.27146412695364214,0.18660002687555455,-0.06815192210555888,0.13923966480318187,0.10021296156841115
st_louis_county,2,2019,grid_02,42068,15068,0.8019532278575188,0.8019532278575188,0.8611860971907136,0.8611860971907136,0.8021695250289497,0.8021695250289497,0.8613610861504493,119644.46327993611,119644.46327993611,0.271048772618843,47146.51782151681,47146.51782151681,0.19473122774803714,0.1303859962563635,-0.19338957297672388,-0.2926525949975167,-0.1500672063843363,0.37304771235602074,0.9585332963096229,1.0155042887288996,0.9443991702777511,19.896569019124495,0.36736436854013493,-25.065437768556688,1.0752913817472292,-0.046204113317429435,0.9030253177321415,-0.06837986642202483,-0.1292011332009005,-0.3481614604778735,0.33200464809745744,div,-0.19338957297672388,-0.19585605416146984,-2.6834203808717506e-07,0.37304771235602074,15068,0.0,63000.00000000004,200000.00000000006,704999.9999999994,0.689388508065268,0.9585332963096229,1.5147448893343614,15068,0.271048772618843,0.1854114644482264,-0.06837986642202483,0.13881390280928643,0.09710516458505584
st_louis_county,2,2019,grid_03,42068,15068,0.799760805001158,0.799760805001158,0.8608550097404505,0.8608550097404505,0.7999794966315203,0.7999794966315203,0.861030416069393,120304.8862761344,120304.8862761344,0.2713718216734213,47007.501434763624,47007.501434763624,0.1945584630109576,0.12981310556217507,-0.19406272760716922,-0.29246654290878527,-0.15111875370805974,0.3759006998846433,0.9598001433657324,1.0156598155429906,0.9437615035557949,19.851996039766384,0.3701172067947452,-25.043266827054367,1.0761827132345465,-0.046718766334164066,0.9015730630391842,-0.06891267917789634,-0.13020786245388893,-0.35044819793270876,0.334617855052034,div,-0.19406272760716922,-0.19655545729714852,-2.713354536766133e-07,0.3759006998846433,15068,0.0,63000.00000000004,200000.00000000006,704999.9999999994,0.6876529602609615,0.9598001433657324,1.5145213385828047,15068,0.2713718216734213,0.18519535354425132,-0.06891267917789634,0.13914499025954952,0.09630939655199601
st_louis_county,2,2019,grid_04,42068,15068,0.8013988042614462,0.8013988042614462,0.8601629058725252,0.8601629058725252,0.8016157069476972,0.8016157069476972,0.8603391846683707,119811.81605505054,119811.81605505054,0.272045883011114,47056.00924989792,47056.00924989792,0.19471239084894817,0.12994617110596002,-0.2020796984889471,-0.30518981772082615,-0.1539709695761951,0.3670284819129785,0.9592905185300578,1.015618991757726,0.9425175602977772,19.88118963089716,0.3613960201304668,-25.034151723900536,1.0775597554244543,-0.0499671514786324,0.8997173490909274,-0.07044603228373877,-0.13310507429763935,-0.3573541254637783,0.34082972071851547,div,-0.2020796984889471,-0.2048998490636741,-2.7587587971644396e-07,0.3670284819129785,15068,0.0,63000.00000000004,200000.00000000006,704999.9999999994,0.6870698756860377,0.9592905185300578,1.5183640021653941,15068,0.272045883011114,0.18553455159810786,-0.07044603228373877,0.13983709412747486,0.09509109631037369
st_louis_county,2,2019,grid_05,42068,15068,0.7997016557909675,0.7997016557909675,0.8577228910820527,0.8577228910820527,0.7999204120212561,0.7999204120212561,0.8579022457632475,120322.65356086529,120322.65356086529,0.27440908045997014,47444.30912139839,47444.30912139839,0.19667092847243928,0.12985303164021966,-0.20112614139008228,-0.30467014362416045,-0.15537320344310335,0.3710027983276765,0.9595874550027498,1.0157684868408001,0.9422241670130298,20.081751076438298,0.3652555820516723,-24.668845007594086,1.0780539519177428,-0.0497818664241553,0.899180869735813,-0.07094341698048998,-0.1340448635926407,-0.35681719529915557,0.34132339880971363,div,-0.20112614139008228,-0.20390589382092966,-2.775472863585415e-07,0.3710027983276765,15068,0.0,63000.00000000004,200000.00000000006,704999.9999999994,0.6825077272997313,0.9595874550027498,1.5194439581030696,15068,0.27440908045997014,0.1875090602755087,-0.07094341698048998,0.14227710891794726,0.09479615613970005
st_louis_county,2,2019,grid_06,42068,15068,0.8034179321068676,0.8034179321068676,0.8608149016036323,0.8608149016036323,0.803632629598674,0.803632629598674,0.8609903584929365,119201.21199560024,119201.21199560024,0.2714109299226978,47309.71208650344,47309.71208650344,0.19537822909339997,0.13303254326100095,-0.19098911247510414,-0.28966765450959914,-0.14920791178757223,0.37473375262681374,0.9582595870786892,1.0143817037730538,0.9438418018618482,19.953975395097284,0.36943311044165195,-26.590237752031005,1.0747369969968026,-0.04533248392022441,0.9041795154784618,-0.06808654044563271,-0.12864690502629095,-0.3463417585922146,0.3299902037830821,div,-0.19098911247510414,-0.19336352642167504,-2.662089798546223e-07,0.37473375262681374,15068,0.0,63000.00000000004,200000.00000000006,704999.9999999994,0.6880621346576435,0.9582595870786892,1.5058017331939968,15068,0.2714109299226978,0.18630753124651678,-0.06808654044563271,0.13918509839636775,0.09926707076783273
st_louis_county,2,2019,grid_07,42068,15068,0.802953377005461,0.802953377005461,0.8615600375206152,0.8615600375206152,0.8031685818620344,0.8031685818620344,0.8617345550907566,119341.97471875367,119341.97471875367,0.2706834474735766,46991.06796390402,46991.06796390402,0.19450700953016867,0.13141288456990885,-0.19295527515132668,-0.2925475270032903,-0.1508174323364482,0.37504732658482054,0.9588867751252046,1.0159119224176052,0.9445862033154883,19.872003298001143,0.3691853241285492,-25.87368956262248,1.0755100157632669,-0.04666606277545906,0.9027892409529595,-0.0687236884764402,-0.1298507717769071,-0.35033766701934604,0.33469582624007926,div,-0.19295527515132668,-0.19540492206977977,-2.691745580178586e-07,0.37504732658482054,15068,0.0,63000.00000000004,200000.00000000006,704999.9999999994,0.6905957709017901,0.9588867751252046,1.511022515394639,15068,0.2706834474735766,0.1849847605809137,-0.0687236884764402,0.13843996247938484,0.09786002232093684
st_louis_county,2,2019,grid_08,42068,15068,0.8011295352414467,0.8011295352414467,0.8615611698294083,0.8615611698294083,0.8013467320103871,0.8013467320103871,0.86173568597216,119893.01063770032,119893.01063770032,0.2706823405032013,46891.9531683509,46891.9531683509,0.1941072341802782,0.12803025569840237,-0.19435641277611387,-0.29379891269265296,-0.15193701725941308,0.37622216196595337,0.9596501667555188,1.0163281562888349,0.9442594579469035,19.80676664863173,0.3701901245215532,-24.929628814603177,1.0763229827727963,-0.047656486108580066,0.9013756203831542,-0.06926185313086003,-0.13086761323679796,-0.35303229958853194,0.33752503583780213,div,-0.19435641277611387,-0.1968606536691974,-2.71978470982371e-07,0.37622216196595337,15068,0.0,63000.00000000004,200000.00000000006,704999.9999999994,0.6894132753481653,0.9596501667555188,1.5208815214385145,15068,0.2706823405032013,0.18455784549993245,-0.06926185313086003,0.1384388301705917,0.0962685266545577
st_louis_county,2,2019,grid_09,42068,15068,0.7962852845270594,0.7962852845270594,0.8588290952655158,0.8588290952655158,0.7965077719539383,0.7965077719539383,0.8590070554644909,121344.45136245001,121344.45136245001,0.2733402338620019,48004.827774216465,48004.827774216465,0.19791947620747374,0.13465885740223843,-0.18402715189954727,-0.2790622473265421,-0.1491335237813746,0.3887811096178459,0.9587240667525148,1.0162804757019637,0.9457640179258876,20.2302978202446,0.382565660210849,-25.704249141215914,1.0745603093789955,-0.04262466715258254,0.9047773483297471,-0.06772367816947211,-0.12796129068205606,-0.3419257039573886,0.3256133594344186,div,-0.18402715189954727,-0.18614783375239854,-2.6612050455018647e-07,0.3887811096178459,15068,0.0,63000.00000000004,200000.00000000006,704999.9999999994,0.6848820065457262,0.9587240667525148,1.5156738212481515,15068,0.2733402338620019,0.18828792739773878,-0.06772367816947211,0.14117090473448418,0.10068441530780074
st_louis_county,2,2019,grid_10,42068,15068,0.7972824093885958,0.7972824093885958,0.8559222614033268,0.8559222614033268,0.7975038078035975,0.7975038078035975,0.8561038859602903,121047.11400008826,121047.11400008826,0.2761400532687132,47887.01838737122,47887.01838737122,0.1979534368786346,0.1319692028284608,-0.19792328102422782,-0.2995205207101718,-0.1538854507230848,0.37376784920720046,0.9591569757503268,1.0161381108289882,0.9432255667624108,20.238947799030722,0.3678439461564473,-23.812840818214063,1.0773012804528266,-0.04747308419264597,0.9000235001419187,-0.07023229603948168,-0.13270122786726338,-0.3510248267618959,0.3345528787966163,div,-0.19792328102422782,-0.20057023727537457,-2.751630417490764e-07,0.37376784920720046,15068,0.0,63000.00000000004,200000.00000000006,704999.9999999994,0.6823096782217342,0.9591569757503268,1.5297508782163236,15068,0.2761400532687132,0.18865598211304363,-0.07023229603948168,0.14407773859667314,0.09004228327237163
st_louis_county,2,2019,grid_11,42068,15068,0.7880345391341799,0.7880345391341799,0.8538909547061293,0.8538909547061293,0.7882660376288554,0.7882660376288554,0.8540751399305667,123777.37592637936,123777.37592637936,0.2780798459241865,49552.63578879238,49552.63578879238,0.20203295605272442,0.13955695339556187,-0.19168990957818488,-0.28690901566662563,-0.15154399935108237,0.38426029475501566,0.9547029237143663,1.0136939563036236,0.9410953651679795,20.70575885548385,0.37908191508163175,-26.915690250232274,1.0771426508116801,-0.04383810967536837,0.9006548469578405,-0.06948098928456486,-0.13128166258882817,-0.345197355812151,0.3234565759875907,div,-0.19168990957818488,-0.19409095531909862,-2.739782217081942e-07,0.38426029475501566,15068,0.0,63000.00000000004,200000.00000000006,704999.9999999994,0.6754050939843708,0.9547029237143663,1.5220193331881782,15068,0.2780798459241865,0.19325720715186448,-0.06948098928456486,0.14610904529387064,0.09974780074891065
st_louis_county,3,2020,grid_00,57136,14737,0.7674686945418978,0.7674686945418978,0.830458514085357,0.830458514085357,0.7687852487793734,0.7687852487793734,0.8324223501363075,128474.22133668116,128474.22133668116,0.2967181471499267,54275.48322988177,54275.48322988177,0.20494613091138303,0.15085167714436973,-0.17349798643336722,-0.2621940461276269,-0.1399073600545307,0.3845243548028363,0.9153141526913996,0.9686464276259211,0.906570945439297,20.70138718165815,0.39698427694773547,-21.936934316944196,1.06847283436438,-0.0323340844390701,0.9121342134410977,-0.06640103661531621,-0.12786822239978868,-0.32127513522480305,0.3087835076607828,div,-0.17349798643336722,-0.1752709729550155,-2.504050087923144e-07,0.3845243548028363,14737,0.0,66474.99999999999,215000.00000000006,730399.9999999983,0.6428112999731812,0.9153141526913996,1.4482370828013174,14737,0.2967181471499267,0.2060985812506855,-0.06640103661531636,0.169541485914643,0.08747822965611454
st_louis_county,3,2020,grid_01,57136,14737,0.7714892884113509,0.7714892884113509,0.83301958420807,0.83301958420807,0.772783078703621,0.772783078703621,0.8349537548245761,127358.68335188167,127358.68335188167,0.29446852766617926,53753.42646214301,53753.42646214301,0.20319962250393334,0.149638092285454,-0.17292634411156613,-0.26088455754060674,-0.1386657047920017,0.3830247223134044,0.9177734715996282,0.9694217501170684,0.9077920893587764,20.479545794756135,0.3951197899892001,-21.204623110676692,1.0678896208512065,-0.032151856603920344,0.9125911455134635,-0.065545620576643,-0.1262209510038451,-0.319321939106015,0.3079757212396885,div,-0.17292634411156613,-0.17468164946413783,-2.4860661891681064e-07,0.3830247223134044,14737,0.0,66474.99999999999,215000.00000000006,730399.9999999983,0.6446667588067857,0.9177734715996282,1.4420108179070419,14737,0.29446852766617926,0.20413003135570584,-0.06554562057664312,0.16698041579193,0.08690184423859848
st_louis_county,3,2020,grid_02,57136,14737,0.7718737847801449,0.7718737847801449,0.8334834523566451,0.8334834523566451,0.7731653981168319,0.7731653981168319,0.8354122498871002,127251.49019820456,127251.49019820456,0.294059229467007,53535.20773377827,53535.20773377827,0.20278438930358456,0.14681171541273286,-0.17307295719516627,-0.26047082185815534,-0.13945811548359438,0.38582541117834934,0.919015182423842,0.9701358451440436,0.9080029124824746,20.422250270459084,0.39771595301899776,-20.19036730009789,1.0684281204469905,-0.03225552543680715,0.9115141077858567,-0.06559858743120572,-0.1263229490732168,-0.31985843072158526,0.30890414100215074,div,-0.17307295719516627,-0.17483278589192078,-2.5063675707967125e-07,0.38582541117834934,14737,0.0,66474.99999999999,215000.00000000006,730399.9999999983,0.6463127940339822,0.919015182423842,1.4447264955788817,14737,0.294059229467007,0.2034196990529879,-0.06559858743120586,0.16651654764335488,0.08504627581758097
st_louis_county,3,2020,grid_03,57136,14737,0.7715408494061452,0.7715408494061452,0.8330634281503444,0.8330634281503444,0.7728343477684919,0.7728343477684919,0.8349970909128939,127344.31397979814,127344.31397979814,0.2944298659205347,53528.15007784386,53528.15007784386,0.2029547448080895,0.146841233704749,-0.17357021542512155,-0.26119616020285935,-0.14034206119010348,0.387192715747185,0.9201977155070106,0.9710178784598601,0.9084856088686936,20.43862529358292,0.3987628464523178,-20.302138357727156,1.068831326529251,-0.03259319300766217,0.9108659764729842,-0.06591681177723543,-0.12693575247999028,-0.3207634149195408,0.31202728189087925,div,-0.17357021542512155,-0.17534544459195028,-2.5224763409333953e-07,0.387192715747185,14737,0.0,66474.99999999999,215000.00000000006,730399.9999999983,0.6439480874754757,0.9201977155070106,1.4447238970337921,14737,0.2944298659205347,0.20347628163480044,-0.06591681177723556,0.1669365718496556,0.08507554370473645
st_louis_county,3,2020,grid_04,57136,14737,0.7738318913294763,0.7738318913294763,0.8322570157201736,0.8322570157201736,0.7751124181869907,0.7751124181869907,0.8342000193339829,126704.18577922089,126704.18577922089,0.29514015322858117,53236.999270743945,53236.999270743945,0.20323025635128902,0.1463364339679253,-0.1742481879606124,-0.26371401172044345,-0.14187314978986762,0.38767975396839843,0.9197001874713514,0.9712166733869774,0.9083611854054223,20.4856846316876,0.3991827143629137,-20.817976458403255,1.0691965806019124,-0.03357247637028245,0.9107825920896853,-0.06648932014617745,-0.12803822965771453,-0.3227193022934373,0.31476300128167845,div,-0.1742481879606124,-0.1760445615373999,-2.535514580997941e-07,0.38767975396839843,14737,0.0,66474.99999999999,215000.00000000006,730399.9999999983,0.6423037598519621,0.9197001874713514,1.448250000441241,14737,0.29514015322858117,0.20371159384453408,-0.06648932014617759,0.16774298427982642,0.08547544232141943
st_louis_county,3,2020,grid_05,57136,14737,0.7737293170984642,0.7737293170984642,0.8304752184223528,0.8304752184223528,0.7750104247145059,0.7750104247145059,0.8324388609833204,126732.91465537531,126732.91465537531,0.2967035294827869,53635.450969668476,53635.450969668476,0.20457627092290323,0.1471128894164148,-0.17463107795085608,-0.2649056937579637,-0.1425950986051476,0.38789967948659154,0.9198885095238514,0.9710368705071747,0.9080075295240799,20.626584588926928,0.3994831222987206,-21.185701278186016,1.0694149981510954,-0.033663460215143076,0.9105674682223651,-0.0668193648281707,-0.12867379544027108,-0.3226705945169663,0.3153963880562411,div,-0.17463107795085608,-0.1764394682218482,-2.5425276014120695e-07,0.38789967948659154,14737,0.0,66474.99999999999,215000.00000000006,730399.9999999983,0.6380454095283495,0.9198885095238514,1.4504279922571208,14737,0.2967035294827869,0.2052637916153728,-0.06681936482817084,0.1695247815776472,0.08551085703602686
st_louis_county,3,2020,grid_06,57136,14737,0.772298384121153,0.772298384121153,0.8330452631043289,0.8330452631043289,0.7735875934457844,0.7735875934457844,0.8349791362765726,127133.01178599951,127133.01178599951,0.2944458845392173,53641.40233205103,53641.40233205103,0.20295651667304898,0.148572775052545,-0.17397791708441593,-0.2618850262549686,-0.1393189278759998,0.3833589191808341,0.9176416224580299,0.9697123963561295,0.9076538626939449,20.478897350011113,0.3953460097700268,-22.103519434833498,1.0683724668762968,-0.0325898174396676,0.9116969675831301,-0.06578942622254655,-0.12669044660424253,-0.32045722248634934,0.30850336372498255,div,-0.17397791708441593,-0.17576584115184443,-2.503366404887285e-07,0.3833589191808341,14737,0.0,66474.99999999999,215000.00000000006,730399.9999999983,0.6452974736074445,0.9176416224580299,1.4486716982253787,14737,0.2944458845392173,0.20382681896072108,-0.0657894262225467,0.16695473689567109,0.08626936223750448
st_louis_county,3,2020,grid_07,57136,14737,0.7728462634500857,0.7728462634500857,0.833607444731107,0.833607444731107,0.7741323707715236,0.7741323707715236,0.8355348060308148,126979.97049500453,126979.97049500453,0.2939497271604798,53342.11554787934,53342.11554787934,0.20260700485208544,0.14610386040926432,-0.1731786779877339,-0.2611711640746452,-0.1395923101778931,0.3851610710427105,0.9187165780133535,0.9701867348838746,0.9081228986282749,20.390984433722327,0.3970103132556238,-20.69249824044925,1.0683429922858982,-0.03257738450646724,0.9119112164101177,-0.06556897600262457,-0.12626592645838436,-0.3198051140204572,0.3115378292375999,div,-0.1731786779877339,-0.17494177331546415,-2.503580305110698e-07,0.3851610710427105,14737,0.0,66474.99999999999,215000.00000000006,730399.9999999983,0.6460233373729655,0.9187165780133535,1.4464560957612222,14737,0.2939497271604798,0.20324539739413675,-0.06556897600262472,0.16639255526889296,0.08694038989177175
st_louis_county,3,2020,grid_08,57136,14737,0.773645145074283,0.773645145074283,0.8340246275125096,0.8340246275125096,0.7749267292585652,0.7749267292585652,0.8359471564929679,126756.48459812593,126756.48459812593,0.29358099754194167,53231.926290250936,53231.926290250936,0.20217175972611046,0.14651503645616715,-0.17549359444076948,-0.2642269010940172,-0.14090585720453508,0.38428915713087003,0.9194031279371224,0.970621348661822,0.9078702677909549,20.356385985842856,0.39593420911945304,-21.687955312252086,1.0691189954084013,-0.033835708162229076,0.9104569605645617,-0.0661773431857305,-0.12743745681747787,-0.32305530852091247,0.3146540603346104,div,-0.17549359444076948,-0.1773292538760658,-2.5313029240685374e-07,0.38428915713087003,14737,0.0,66474.99999999999,215000.00000000006,730399.9999999983,0.6443452689593799,0.9194031279371224,1.4461119681423407,14737,0.29358099754194167,0.20275011869871704,-0.06617734318573064,0.1659753724874904,0.08533357694843777
st_louis_county,3,2020,grid_09,57136,14737,0.7655771946906524,0.7655771946906524,0.8304580215012325,0.8304580215012325,0.7669044582910647,0.7669044582910647,0.8324218632578924,128995.69260166437,128995.69260166437,0.29671857819057085,54255.529552187436,54255.529552187436,0.20500747925107696,0.15030477401798792,-0.1766759834788552,-0.26371246758791295,-0.1410273628202766,0.3853708297513287,0.9187119153037456,0.9711662296247457,0.9078145452360958,20.722584458275776,0.3968258920075155,-21.08948926487875,1.0697848307466522,-0.03267831061502537,0.9094602786373864,-0.06655336563395332,-0.12816156180871802,-0.3213117544356859,0.3071932946878909,div,-0.1766759834788552,-0.178549477137459,-2.555530545643622e-07,0.3853708297513287,14737,0.0,66474.99999999999,215000.00000000006,730399.9999999983,0.6420382819685017,0.9187119153037456,1.4562033785932333,14737,0.29671857819057085,0.20568151493805875,-0.06655336563395348,0.16954197849876754,0.0872771508426785
st_louis_county,3,2020,grid_10,57136,14737,0.770584618628023,0.770584618628023,0.8290888454636585,0.8290888454636585,0.7718835310127116,0.7718835310127116,0.8310685466853229,127610.53968893529,127610.53968893529,0.29791427926150466,53996.266862573546,53996.266862573546,0.20526777912798025,0.1487218790769582,-0.1721683644470134,-0.259934848267453,-0.1413257649598236,0.39179866640406535,0.9207923499789732,0.9720715892669332,0.90930650474977,20.788949862082532,0.4030690377472162,-20.782059752150232,1.06902522327654,-0.03142483301287419,0.9106925872166605,-0.06621583758674794,-0.12751158533837675,-0.31820042931949344,0.307148796708331,div,-0.1721683644470134,-0.17390041024298156,-2.5318678142716123e-07,0.39179866640406535,14737,0.0,66474.99999999999,215000.00000000006,730399.9999999983,0.6359747267491578,0.9207923499789732,1.4537233425929228,14737,0.29791427926150466,0.2057896606324255,-0.0662158375867481,0.17091115453634156,0.08291192128955206
st_louis_county,3,2020,grid_11,57136,14737,0.7618409248190984,0.7618409248190984,0.8285000149622411,0.8285000149622411,0.7631893425687212,0.7631893425687212,0.8304865367361755,130019.6063622206,130019.6063622206,0.2984270315818878,54826.860956402335,54826.860956402335,0.20693554462476163,0.1511203164683595,-0.17405060333355335,-0.2595501783057639,-0.14175089234394844,0.393559668221237,0.9164140572092971,0.9703453252154974,0.9066088665324596,20.890413935630452,0.4056009870379622,-21.181182791019516,1.0703020464898088,-0.03155214933139075,0.9087713203098337,-0.06684516583151823,-0.12872348033379605,-0.3211711854750318,0.3057930894375485,div,-0.17405060333355335,-0.17584079714052042,-2.571051876638631e-07,0.393559668221237,14737,0.0,66474.99999999999,215000.00000000006,730399.9999999983,0.6415827017083061,0.9164140572092971,1.4526031042961318,14737,0.2984270315818878,0.20762264625188193,-0.06684516583151837,0.17149998503775887,0.08625921125605476
st_louis_county,4,2021,grid_00,71873,17499,0.5684171182099624,0.5684171182099624,0.7743997189210146,0.7743997189210146,0.5763114176311985,0.5763114176311985,0.7801857203884707,228498.8045850939,228498.8045850939,0.36146451216935505,79797.6968874971,79797.6968874971,0.2274370921350448,0.18039005865347774,-0.28864679380405794,-0.40516754397618165,-0.21408482446463695,0.4021120444514851,0.8751215003679415,0.9363414684879364,0.8093216969697554,22.42634089006416,0.42946248569490814,-50.947037623025984,1.1569459610359707,-0.10998059205357537,0.8035511069468948,-0.13476905618217938,-0.23270112994329817,-0.5193562516330916,0.48026193384447563,div,-0.28864679380405794,-0.2970894347180975,-3.3370444571942183e-07,0.4021120444514851,17499,0.0,65499.999999999956,225500.00000000017,824999.9999999997,0.6093309359200975,0.8751215003679415,1.4531154713250296,17499,0.36146451216935505,0.2418773696241368,-0.13476905618217944,0.22560028107898547,0.11575943886294969
st_louis_county,4,2021,grid_01,71873,17499,0.5691728948522286,0.5691728948522286,0.7758035938195685,0.7758035938195685,0.5770533699830181,0.5770533699830181,0.7815535899142286,228298.64635688293,228298.64635688293,0.36033808877663054,79915.0778966167,79915.0778966167,0.22690341499632352,0.17884246987535302,-0.29421757943680005,-0.41263806089751887,-0.2175106183936931,0.40115021249072846,0.8765479656067228,0.9374903969489249,0.8083288754194473,22.288716771444363,0.4279101699358389,-50.9611478428967,1.1597883305386743,-0.11362983256998982,0.7985796932491334,-0.13682642992720012,-0.23625352697526097,-0.5283868438699395,0.49333670721251344,div,-0.29421757943680005,-0.3031773009768803,-3.3933121934565825e-07,0.40115021249072846,17499,0.0,65499.999999999956,225500.00000000017,824999.9999999997,0.6120323447992602,0.8765479656067228,1.4485344736338475,17499,0.36033808877663054,0.24071214208965178,-0.13682642992720015,0.22419640618043146,0.10985496175461856
st_louis_county,4,2021,grid_02,71873,17499,0.5768586593943548,0.5768586593943548,0.776707305625099,0.776707305625099,0.5845985503427389,0.5845985503427389,0.7824341240986677,226253.10911784877,226253.10911784877,0.35961111324155404,78840.70911730618,78840.70911730618,0.22578335496571225,0.17631132706971744,-0.28625990204940016,-0.40065933236859086,-0.2120622681797371,0.402794921825572,0.8797652766762296,0.9388692976674607,0.8126859594568425,22.183525742427758,0.4290335538755049,-49.558507401160014,1.1552670336460011,-0.1070015251823925,0.8044858684233325,-0.13303045308684786,-0.2296991433132244,-0.5140979681519738,0.4775573904574061,div,-0.28625990204940016,-0.29448754895253726,-3.315069806323311e-07,0.402794921825572,17499,0.0,65499.999999999956,225500.00000000017,824999.9999999997,0.6128112604156176,0.8797652766762296,1.4524022682970876,17499,0.35961111324155404,0.2392677276178704,-0.13303045308684788,0.22329269437490096,0.1115659448498643
st_louis_county,4,2021,grid_03,71873,17499,0.5686926317880304,0.5686926317880304,0.7736427428067474,0.7736427428067474,0.5765818916519263,0.5765818916519263,0.7794481585448199,228425.8584879286,228425.8584879286,0.3620704308757039,80335.44316203156,80335.44316203156,0.22773832044882195,0.17795431093800226,-0.2941797284694046,-0.411699300095613,-0.21543933437214716,0.3982361835836704,0.8736227019049837,0.9340696216375678,0.8058628490200727,22.28194600818261,0.42635747236923166,-50.74630863426117,1.1590925462979145,-0.11210492849445376,0.7993595440830606,-0.13579420274590703,-0.23447121552892727,-0.5236433310827002,0.487218670834478,div,-0.2941797284694046,-0.3031358634757409,-3.3682291727058633e-07,0.3982361835836704,17499,0.0,65499.999999999956,225500.00000000017,824999.9999999997,0.6065137557570972,0.8736227019049837,1.4567852655224718,17499,0.3620704308757039,0.2424453398425748,-0.1357942027459071,0.22635725719325267,0.11144973581865766
st_louis_county,4,2021,grid_04,71873,17499,0.5732315419124214,0.5732315419124214,0.7753908429230092,0.7753908429230092,0.5810377782897986,0.5810377782897986,0.7811514248967371,227220.74735672266,227220.74735672266,0.36066963173237293,79462.05102506012,79462.05102506012,0.22694965401733685,0.1762895237136779,-0.2912326549913973,-0.409569471151608,-0.21626758790455416,0.4018460525657394,0.8777434135026139,0.9377647500013784,0.8096918381918367,22.278860056432872,0.4285270213336395,-50.11655275286051,1.1581748830463052,-0.11162009284127108,0.8012352784151516,-0.1353736037243387,-0.23374498155248916,-0.522186676013616,0.48725692725804426,div,-0.2912326549913973,-0.2999126300994729,-3.364712401561688e-07,0.4018460525657394,17499,0.0,65499.999999999956,225500.00000000017,824999.9999999997,0.6080863215531139,0.8777434135026139,1.4614248914568952,17499,0.36066963173237293,0.2406893946466976,-0.13537360372433874,0.22460915707699083,0.11204963812289734
st_louis_county,4,2021,grid_05,71873,17499,0.5775856392470579,0.5775856392470579,0.7725470388003091,0.7725470388003091,0.5853122326415477,0.5853122326415477,0.7783805562098813,226058.6679891716,226058.6679891716,0.3629456912767943,79491.775696962,79491.775696962,0.22844196040869644,0.179199105216029,-0.2791278625478921,-0.3922026943055022,-0.20734822092467844,0.40233293741041387,0.872736458028708,0.9322171243801731,0.8093187083416331,22.36550273338397,0.43159948821402955,-47.81288777381228,1.1518541642147009,-0.10258476723248144,0.8099712378073467,-0.13026877567825043,-0.22493064918167258,-0.5021408522431104,0.4641524031159068,div,-0.2791278625478921,-0.28673599315362347,-3.228768821873202e-07,0.40233293741041387,17499,0.0,65499.999999999956,225500.00000000017,824999.9999999997,0.6021768716260655,0.872736458028708,1.4527468064123714,17499,0.3629456912767943,0.24359615058973863,-0.1302687756782505,0.22745296119969094,0.11681578480040378
st_louis_county,4,2021,grid_06,71873,17499,0.5740127893115166,0.5740127893115166,0.7778804950779103,0.7778804950779103,0.5818047355000313,0.5818047355000313,0.7835772246000685,227012.67559143505,227012.67559143505,0.358665162934969,79227.51989240201,79227.51989240201,0.22647685085519353,0.1771054834929524,-0.29393409569543105,-0.41419685879025697,-0.22047107116556233,0.4050798668835918,0.880291797069657,0.942637250273642,0.8123361351619328,22.347986818931947,0.42974266255016735,-51.927996130024226,1.1604029532500542,-0.11514440664728481,0.7980769396646255,-0.13759022446275482,-0.23757234493320403,-0.5312566354467908,0.49795918341644696,div,-0.29393409569543105,-0.30286698053520383,-3.4232514257633993e-07,0.4050798668835918,17499,0.0,65499.999999999956,225500.00000000017,824999.9999999997,0.6156311985852355,0.880291797069657,1.4634802304773307,17499,0.358665162934969,0.23887583976855803,-0.13759022446275487,0.2221195049220897,0.10823182160906711
st_louis_county,4,2021,grid_07,71873,17499,0.5680914119951277,0.5680914119951277,0.7762327309857361,0.7762327309857361,0.575991669072452,0.575991669072452,0.7819717209404157,228585.00986306663,228585.00986306663,0.3599930597532739,79919.80789627916,79919.80789627916,0.22729443044595982,0.17720141465223518,-0.2974751644928372,-0.4197885909424035,-0.22194904912845342,0.40236343311504286,0.8765225069773034,0.9386251329711072,0.8076385762019622,22.29760165414675,0.42868544238655587,-52.79599101820304,1.1621846214740363,-0.11798612312603575,0.7957793149195134,-0.13902829503765324,-0.2400554123167487,-0.5368680233883107,0.5048303933242587,div,-0.2974751644928372,-0.3067473600963822,-3.441259246564332e-07,0.40236343311504286,17499,0.0,65499.999999999956,225500.00000000017,824999.9999999997,0.613229089306986,0.8765225069773034,1.4602456983485892,17499,0.3599930597532739,0.24064541270342396,-0.1390282950376533,0.22376726901426394,0.1084542298861365
st_louis_county,4,2021,grid_08,71873,17499,0.5630415791858081,0.5630415791858081,0.7764693376780365,0.7764693376780365,0.571034205293291,0.571034205293291,0.7822022593483047,229917.4233162876,229917.4233162876,0.3598026849602437,80221.88377287649,80221.88377287649,0.22785490360238592,0.17636701046972308,-0.31100852880043284,-0.44007263039435657,-0.2316652592669336,0.40061979068953757,0.8816490258863748,0.9443104085290744,0.8079581907359483,22.460962931896166,0.42425799238840156,-54.93835348259107,1.168761477210753,-0.12717383678000171,0.7870946299482604,-0.1442220289488296,-0.24902325541065454,-0.5542106143185872,0.5234482589844268,div,-0.31100852880043284,-0.32166154844715755,-3.5822250912139473e-07,0.40061979068953757,17499,0.0,65499.999999999956,225500.00000000017,824999.9999999997,0.6142710707886008,0.8816490258863748,1.479676652633278,17499,0.3598026849602437,0.24000906619851006,-0.14422202894882963,0.22353066232196359,0.10637010146127755
st_louis_county,4,2021,grid_09,71873,17499,0.5679694675843049,0.5679694675843049,0.7775300412960474,0.7775300412960474,0.5758719552081416,0.5758719552081416,0.7832357589545964,228617.27675689553,228617.27675689553,0.35894799721865367,80630.34688367734,80630.34688367734,0.22861546307075936,0.17741115651175943,-0.31365329822724114,-0.44917785021669615,-0.23995702871066915,0.4065472153858074,0.8824508069012206,0.9479758030126182,0.8084294929783984,22.72031898044357,0.42887047421483937,-57.36663507110416,1.1726140761145494,-0.13538130574157115,0.7821002471688334,-0.14898531390184117,-0.25724785697875746,-0.5720581980860644,0.5447736746129191,div,-0.31365329822724114,-0.32459220790835813,-3.666139805289654e-07,0.4065472153858074,17499,0.0,65499.999999999956,225500.00000000017,824999.9999999997,0.6155643505917482,0.8824508069012206,1.4833632878627485,17499,0.35894799721865367,0.24013729931122665,-0.1489853139018412,0.22246995870395259,0.09378326153260148
st_louis_county,4,2021,grid_10,71873,17499,0.581532694080365,0.581532694080365,0.7667910162741359,0.7667910162741359,0.5891870899109549,0.5891870899109549,0.7727721591858745,225000.03909567028,225000.03909567028,0.3675094286270777,78460.2211841687,78460.2211841687,0.22780090825215193,0.18031999777641614,-0.2511242627851432,-0.346032815852692,-0.18308635288886344,0.40265633299936365,0.8710298476004091,0.9245507688355831,0.8138933039386094,22.254792767818568,0.43552809882330334,-39.78599091446803,1.1359606527802573,-0.07764710581762259,0.8308320661511086,-0.11638733017990224,-0.2009620309823632,-0.4464637393795804,0.40282092842091216,div,-0.2511242627851432,-0.25661238573202494,-2.907176382605555e-07,0.40265633299936365,17499,0.0,65499.999999999956,225500.00000000017,824999.9999999997,0.5925773066519361,0.8710298476004091,1.4169114834189493,17499,0.3675094286270777,0.2453064598886396,-0.11638733017990228,0.2332089837258641,0.12375876116714798
st_louis_county,4,2021,grid_11,71873,17499,0.5429344494708861,0.5429344494708861,0.7708172690521897,0.7708172690521897,0.5512948651946133,0.5512948651946133,0.7766951501046313,235147.88219411566,235147.88219411566,0.3643231703154938,82692.65875299847,82692.65875299847,0.22902694941371354,0.18112972698841687,-0.3198320050794275,-0.4431696259030152,-0.23057590021895014,0.3959494767319344,0.8776706945952958,0.9376128357310431,0.799026886212611,22.64182892866605,0.4223073486369259,-52.609314444568575,1.1734434121176196,-0.12826722738171228,0.7774578623768735,-0.14640981965536737,-0.25280083895922956,-0.558889266769374,0.5217034520983475,div,-0.3198320050794275,-0.33145995979502446,-3.640909357322273e-07,0.3959494767319344,17499,0.0,65499.999999999956,225500.00000000017,824999.9999999997,0.6030896147076604,0.8776706945952958,1.458579664043009,17499,0.3643231703154938,0.24398738420711547,-0.14640981965536742,0.22918273094781025,0.09731679722967834
st_louis_county,5,2022,grid_00,89372,15521,0.7251026936423636,0.7251026936423636,0.8342883838210604,0.8342883838210604,0.7281149503030591,0.7281149503030591,0.8370895466051895,177652.45535091893,177652.45535091893,0.30818030063686935,65367.43596577884,65367.43596577884,0.2189602629623731,0.1644716819110104,-0.22636977803401045,-0.36124054904450914,-0.18589531064360845,0.38958330609829883,0.9150090324133449,0.977527273492327,0.882759063383982,22.382025274313893,0.3985524163564541,-39.155939917720346,1.1073545591761575,-0.07801360352616514,0.8731018727747056,-0.09851360510176144,-0.17188556908342323,-0.4336647657831544,0.41178826753376113,div,-0.22636977803401045,-0.23035983719568884,-2.6027521366978675e-07,0.38958330609829883,15521,0.0,65999.99999999996,230000.0000000002,829999.9999999995,0.6337852853379401,0.9150090324133449,1.5033380024029481,15521,0.30818030063686935,0.2194716535758283,-0.09851360510176137,0.16571161617893954,0.09802053310322414
st_louis_county,5,2022,grid_01,89372,15521,0.7319807432599769,0.7319807432599769,0.8349666412108915,0.8349666412108915,0.7349176319549118,0.7349176319549118,0.8377563388400588,175415.90620129457,175415.90620129457,0.3075489632107389,64515.97872118685,64515.97872118685,0.21757482762560398,0.16051336188331428,-0.21368647576720792,-0.3448730562506848,-0.1792921908366708,0.39357772070099173,0.9159987139725217,0.9766368497154325,0.8862611990258931,22.18718400678367,0.403005887301962,-35.95214404998741,1.1019740577482948,-0.07087002855526188,0.8805366304495913,-0.09427936899636591,-0.16449771557976056,-0.4162319823130539,0.39876238446545703,div,-0.21368647576720792,-0.21703104119206687,-2.4821131228365833e-07,0.39357772070099173,15521,0.0,65999.99999999996,230000.0000000002,829999.9999999995,0.6320348883499514,0.9159987139725217,1.5004507328395797,15521,0.3075489632107389,0.21789824495638752,-0.09427936899636584,0.16503335878910852,0.09624623949831533
st_louis_county,5,2022,grid_02,89372,15521,0.735077854769342,0.735077854769342,0.8347210608450701,0.8347210608450701,0.7379808060827264,0.7379808060827264,0.8375149097256531,174399.4470744752,174399.4470744752,0.3077777045715608,64021.06692917709,64021.06692917709,0.21721762347793508,0.16018279746820024,-0.2094177095303881,-0.3395244280122128,-0.17890282176555766,0.39890966828383945,0.9185675713540136,0.9796508047323569,0.8898806731094797,22.20530174031995,0.407208892822877,-33.95581604922534,1.1008788417768378,-0.06892330562384281,0.8823381302864848,-0.09336662530254305,-0.16290516936162158,-0.41100322892000685,0.39434950992225726,div,-0.2094177095303881,-0.21256227023558374,-2.465482904298501e-07,0.39890966828383945,15521,0.0,65999.99999999996,230000.0000000002,829999.9999999995,0.6306905873259514,0.9185675713540136,1.5081775681903706,15521,0.3077777045715608,0.21676793195346808,-0.09336662530254299,0.16527893915492986,0.0939948576517539
st_louis_county,5,2022,grid_03,89372,15521,0.7362873117500798,0.7362873117500798,0.8348134328462997,0.8348134328462997,0.7391770101331453,0.7391770101331453,0.8376057202852765,174000.89617320927,174000.89617320927,0.30769168630436505,63772.84316208912,63772.84316208912,0.21700535825475945,0.15835491009585254,-0.20896134336756228,-0.33819835861229747,-0.17662211715191853,0.3953684306155028,0.9225712382694451,0.9815296907659538,0.8927503665732602,22.131625801032932,0.4028214036875409,-33.17791168774999,1.0994447356358583,-0.06687680688911027,0.8839154400036953,-0.0919066829237172,-0.16035787626079281,-0.40411010053684876,0.38773303268507536,div,-0.20896134336756228,-0.21208501944525457,-2.4382709715942784e-07,0.3953684306155028,15521,0.0,65999.99999999996,230000.0000000002,829999.9999999995,0.6314220321778028,0.9225712382694451,1.5107495781262286,15521,0.30769168630436505,0.21626540825770268,-0.09190668292371713,0.16518656715370028,0.09066228827849394
st_louis_county,5,2022,grid_04,89372,15521,0.7356948449186869,0.7356948449186869,0.8349909275636862,0.8349909275636862,0.7385910354066869,0.7385910354066869,0.8377802146602115,174196.2449899801,174196.2449899801,0.307526332884691,63444.18356253555,63444.18356253555,0.21701420877186406,0.15778779272317187,-0.2083666384519113,-0.338468639503706,-0.1790832290464166,0.40055751011133933,0.9222161271323394,0.9836465864855505,0.8939580456285543,22.182919809401007,0.40723001529810143,-33.96108680325329,1.1003274608865283,-0.06794964925586106,0.8832989558289711,-0.09276345196790972,-0.16185275846089064,-0.4075381239448034,0.3920463122703073,div,-0.2083666384519113,-0.21146324190267876,-2.4632420627759033e-07,0.40055751011133933,15521,0.0,65999.99999999996,230000.0000000002,829999.9999999995,0.6353541646416904,0.9222161271323394,1.5150090360948416,15521,0.307526332884691,0.21553017625915855,-0.09276345196790968,0.16500907243631374,0.09301219025729246
st_louis_county,5,2022,grid_05,89372,15521,0.7342182741112979,0.7342182741112979,0.8333311008604091,0.8333311008604091,0.7371306444968331,0.7371306444968331,0.8361484454033374,174682.15085976085,174682.15085976085,0.3090691668546479,63699.61874687629,63699.61874687629,0.21810220157720364,0.1596224018143485,-0.2129932402496459,-0.3450710506068907,-0.18184430068643512,0.39895100729992183,0.9222842622395259,0.9842356319619774,0.8929233322261773,22.30863562517416,0.4053540096904104,-34.53148542734316,1.1022621947935287,-0.07013274981362883,0.8805887498322558,-0.09427695683965824,-0.1644935068724659,-0.4119657760617029,0.39621594960763107,div,-0.2129932402496459,-0.21630474926536844,-2.507837627960257e-07,0.39895100729992183,15521,0.0,65999.99999999996,230000.0000000002,829999.9999999995,0.6361811727858778,0.9222842622395259,1.5199852026510068,15521,0.3090691668546479,0.2166281393873221,-0.09427695683965819,0.16666889913959093,0.0934611076495035
st_louis_county,5,2022,grid_06,89372,15521,0.7320105360817113,0.7320105360817113,0.8349988119724543,0.8349988119724543,0.7349470983142776,0.7349470983142776,0.8377879657921886,175406.1563793456,175406.1563793456,0.30751898573630726,64313.24055309412,64313.24055309412,0.2171169607018204,0.1601071332320384,-0.21416840156068898,-0.3444644921229324,-0.17915367018851633,0.3937400995728998,0.9173803672187717,0.977522107825652,0.8869052629959195,22.151097599862098,0.40280703744931706,-35.05843813587813,1.102171955236384,-0.07071648731662052,0.8802824513946664,-0.0941078559587681,-0.16419846131896812,-0.41521297921124867,0.39738528069523327,div,-0.21416840156068898,-0.21753608007596933,-2.488737375452828e-07,0.3937400995728998,15521,0.0,65999.99999999996,230000.0000000002,829999.9999999995,0.6315500553819665,0.9173803672187717,1.499141446152991,15521,0.30751898573630726,0.21735353862092915,-0.09410785595876801,0.1650011880275457,0.0960890522358592
st_louis_county,5,2022,grid_07,89372,15521,0.7330425019015321,0.7330425019015321,0.8359006013949496,0.8359006013949496,0.7359677561080011,0.7359677561080011,0.8386745115098209,175068.10623427134,175068.10623427134,0.3066774847748446,64037.0937472161,64037.0937472161,0.2171942235570445,0.15979009719006415,-0.21448076096942503,-0.346268801808059,-0.17980136896249152,0.3931045113014098,0.9175296139264967,0.9796453771362382,0.8890428598850308,22.177423362517313,0.4012851841306713,-34.65615014525293,1.1019101792943076,-0.07089946577083368,0.8808526074816638,-0.09384319534570365,-0.1637366840848129,-0.4145462486788147,0.39820625773791435,div,-0.21448076096942503,-0.2178634785451167,-2.488343877088986e-07,0.3931045113014098,15521,0.0,65999.99999999996,230000.0000000002,829999.9999999995,0.6331963783679383,0.9175296139264967,1.5077456012286887,15521,0.3066774847748446,0.21668123677228768,-0.09384319534570357,0.16409939860505043,0.09380114265893391
st_louis_county,5,2022,grid_08,89372,15521,0.7364891010646014,0.7364891010646014,0.8359433582715237,0.8359433582715237,0.7393765882902905,0.7393765882902905,0.8387165456309589,173934.31188960484,173934.31188960484,0.30663752903544816,63577.974820370975,63577.974820370975,0.21693949785153666,0.15757925064646186,-0.2104641792060533,-0.3422953711099269,-0.17836994877768741,0.3945018638660142,0.9207578756846819,0.9816525564976231,0.8924307229881699,22.129247046067167,0.401888194063408,-32.44327703121698,1.0999762011898326,-0.06882381879439042,0.8836140090928551,-0.09263277226425713,-0.1616247497994801,-0.40867221298625195,0.3934578688393397,div,-0.2104641792060533,-0.21365699002329727,-2.450424224973087e-07,0.3945018638660142,15521,0.0,65999.99999999996,230000.0000000002,829999.9999999995,0.6343947870448513,0.9207578756846819,1.5169730717356835,15521,0.30663752903544816,0.21594180139174726,-0.09263277226425706,0.1640566417284763,0.09216714102376805
st_louis_county,5,2022,grid_09,89372,15521,0.7268477052900086,0.7268477052900086,0.8333739110851162,0.8333739110851162,0.7298408405448662,0.7298408405448662,0.8361905319708202,177087.70056257866,177087.70056257866,0.3090294708756654,65442.75438243573,65442.75438243573,0.21990809244187415,0.16390426827800797,-0.22181730861515517,-0.35586400532436957,-0.1852673912836742,0.39413347443613744,0.9144384681729283,0.9767918434058201,0.8828449015223732,22.458345366112738,0.4035109163651182,-36.330739592431044,1.106413869210147,-0.07612792141571717,0.8746459573392361,-0.09755720297151046,-0.17021684805488127,-0.4286084994446023,0.40756351311780015,div,-0.22181730861515517,-0.2255666540799688,-2.580196496734722e-07,0.39413347443613744,15521,0.0,65999.99999999996,230000.0000000002,829999.9999999995,0.6257662723878685,0.9144384681729283,1.5092837378799846,15521,0.3090294708756654,0.22027576021771986,-0.09755720297151041,0.1666260889148838,0.09727363744032708
st_louis_county,5,2022,grid_10,89372,15521,0.7291253472639782,0.7291253472639782,0.8284577051229406,0.8284577051229406,0.7320935246816794,0.7320935246816794,0.8313574287717331,176347.84460134536,176347.84460134536,0.31355519880952154,64578.04837465188,64578.04837465188,0.22073625303382047,0.15963772553040267,-0.2057749011848367,-0.33256223291737413,-0.18382094295203139,0.4184566366641961,0.9217245974950781,0.9845261532958217,0.8919952597042275,22.562775823478415,0.42504723338455014,-32.490041699616576,1.1037347369113555,-0.0674888574494268,0.878475565555925,-0.09500995133790915,-0.16577242846239992,-0.40935509936616604,0.3918679120058368,div,-0.2057749011848367,-0.20875539496483705,-2.541305578429184e-07,0.4184566366641961,15521,0.0,65999.99999999996,230000.0000000002,829999.9999999995,0.6278436946028293,0.9217245974950781,1.520066412055589,15521,0.31355519880952154,0.21899630094665598,-0.0950099513379091,0.1715422948770594,0.088089153230708
st_louis_county,5,2022,grid_11,89372,15521,0.7290908753007166,0.7290908753007166,0.8317216262353458,0.8317216262353458,0.7320594304536614,0.7320594304536614,0.8345661770811617,176359.06540580883,176359.06540580883,0.3105578784277486,65465.13130587599,65465.13130587599,0.22113350261081471,0.16504601586322667,-0.22210518600678283,-0.3580029970974211,-0.1862302551707811,0.3938147460484181,0.9172329983284244,0.9792041347503607,0.8852113390404912,22.659767942246884,0.4021913503002036,-38.2588060552226,1.1061811926310743,-0.07660547012043686,0.8750738757262193,-0.0981979648130309,-0.17133484301266313,-0.42848679477993434,0.4061979537426888,div,-0.22210518600678283,-0.22586944922032098,-2.5814558446168895e-07,0.3938147460484181,15521,0.0,65999.99999999996,230000.0000000002,829999.9999999995,0.6284696708012547,0.9172329983284244,1.5178576204826923,15521,0.3105578784277486,0.2215326581639694,-0.09819796481303085,0.16827837376465418,0.09701545691289809
st_louis_county,6,2023,grid_00,104893,13137,0.7772700834503217,0.7772700834503217,0.8388858280874689,0.8388858280874689,0.7808456496373881,0.7808456496373881,0.841933538437996,175456.0425887268,175456.0425887268,0.31755411118169835,68161.69089801113,68161.69089801113,0.23335597772430847,0.1609468781524329,-0.26124212788604056,-0.4248511673916209,-0.20863374709825386,0.38850678703097585,0.9514295405315003,1.0282932417697284,0.9147809131671981,24.065146846580625,0.3778314967292833,-45.29155345873803,1.124086900993072,-0.09672802878402677,0.8661878809998034,-0.1162163043513825,-0.1856800844734513,-0.4638727125680455,0.4560215561846943,div,-0.26124212788604056,-0.2674410527377369,-2.7300007743343294e-07,0.38850678703097585,13137,0.0,64869.99999999999,237499.99999999994,895260.5999999989,0.641830771910493,0.9514295405315003,1.6477289407625508,13137,0.31755411118169835,0.22385916673176673,-0.11621630435138251,0.16111417191253113,0.08863841590529303
st_louis_county,6,2023,grid_01,104893,13137,0.7896697926307121,0.7896697926307121,0.8415663679269484,0.8415663679269484,0.7930463016746625,0.7930463016746625,0.8445633719434714,170502.1569559812,170502.1569559812,0.3149013751409016,67122.99945719702,67122.99945719702,0.23049950661310298,0.1548617113708884,-0.25294198534872286,-0.4139002613669819,-0.20254518927336426,0.38714807111845834,0.9533606813454089,1.0288123446896562,0.919290882550511,23.735315972553387,0.37632014135916725,-43.68276975372295,1.1191368958596493,-0.09184715238218108,0.8715722764774516,-0.11261717507160379,-0.1799297155176497,-0.4531767029331892,0.44918195643976366,div,-0.25294198534872286,-0.25855340379247915,-2.6340194067644876e-07,0.38714807111845834,13137,0.0,64869.99999999999,237499.99999999994,895260.5999999989,0.645740446103988,0.9533606813454089,1.6474692522382983,13137,0.3149013751409016,0.2208937431053368,-0.11261717507160379,0.15843363207305158,0.08405068416700409
st_louis_county,6,2023,grid_02,104893,13137,0.7900286220842145,0.7900286220842145,0.8419509086105963,0.8419509086105963,0.7933993707054937,0.7933993707054937,0.844940638477317,170356.6540511093,170356.6540511093,0.3145189880338878,66648.93375258865,66648.93375258865,0.2286500197829619,0.15459854418960747,-0.2504497594195806,-0.409199744299696,-0.20039926943818984,0.3874464163019439,0.9540012371793501,1.027402154880984,0.9188762345856161,23.522781699183987,0.37712706916585625,-41.49459155152841,1.1181072229431526,-0.08984308511347254,0.8725243848167576,-0.11119847131407086,-0.17766303671546504,-0.44814879904085286,0.4453278456622862,div,-0.2504497594195806,-0.2558926128460291,-2.6100763687011135e-07,0.3874464163019439,13137,0.0,64869.99999999999,237499.99999999994,895260.5999999989,0.6424203703081292,0.9540012371793501,1.6439850553009425,13137,0.3145189880338878,0.21925230324924913,-0.11119847131407089,0.1580490913894037,0.08148118258705267
st_louis_county,6,2023,grid_03,104893,13137,0.7876888426968143,0.7876888426968143,0.8420891753558939,0.8420891753558939,0.7910971526667995,0.7910971526667995,0.8450762897047754,171303.1942695174,171303.1942695174,0.31438138195313997,66419.40990193661,66419.40990193661,0.22834746171878628,0.1522096083840146,-0.24773265848056114,-0.4043401055751359,-0.19958973178999542,0.39051906634630734,0.9540179292813564,1.0283457807356438,0.9201459165142474,23.48647812238997,0.3797690794656918,-39.6068708005353,1.1175898977319658,-0.08834396351099809,0.8732266331360342,-0.1103811620315622,-0.17635721256743242,-0.44496836218125735,0.4439047817266286,div,-0.24773265848056114,-0.25299577095450504,-2.6022346360419485e-07,0.39051906634630734,13137,0.0,64869.99999999999,237499.99999999994,895260.5999999989,0.646934849229064,0.9540179292813564,1.6378015510749544,13137,0.31438138195313997,0.21848783186883017,-0.11038116203156224,0.1579108246441062,0.08050837020338299
st_louis_county,6,2023,grid_04,104893,13137,0.7823712038322814,0.7823712038322814,0.8408599649538565,0.8408599649538565,0.7858648798366709,0.7858648798366709,0.8438703316164284,173435.19474372154,173435.19474372154,0.31560261471147066,66641.01752201827,66641.01752201827,0.22873333899708448,0.15138473484483372,-0.2526837662248554,-0.41038875609841513,-0.20301317782493844,0.3913628913795174,0.9545155608838483,1.028533080144254,0.9179322986751788,23.51794986878701,0.3805203694750466,-42.06391626299024,1.1204890400182037,-0.09108512724660492,0.8695095825033531,-0.11240029330016708,-0.17958320109468748,-0.45136016491274733,0.450110608589324,div,-0.2526837662248554,-0.25827755390004253,-2.659977314973575e-07,0.3913628913795174,13137,0.0,64869.99999999999,237499.99999999994,895260.5999999989,0.6441754195202427,0.9545155608838483,1.6409752071913088,13137,0.31560261471147066,0.21885526519966075,-0.11240029330016713,0.1591400350461435,0.08036980296920238
st_louis_county,6,2023,grid_05,104893,13137,0.7833058986448553,0.7833058986448553,0.8391983134969966,0.8391983134969966,0.786784569645791,0.786784569645791,0.8422401127286836,173062.35021412888,173062.35021412888,0.31724600920857216,67007.7299197528,67007.7299197528,0.23036335860978363,0.1536996417480819,-0.2520918387534613,-0.4084922372392602,-0.20284298499299439,0.3928502672931147,0.9541940581862933,1.0289735637477946,0.9182125175503522,23.706065154075006,0.381803025891055,-41.5944635234185,1.1206268092412153,-0.08998813101463239,0.8694450121181451,-0.11206335732061212,-0.1790448747256373,-0.44767635521838534,0.44623514173978884,div,-0.2520918387534613,-0.25764535562620305,-2.663831723018308e-07,0.3928502672931147,13137,0.0,64869.99999999999,237499.99999999994,895260.5999999989,0.6405369494618275,0.9541940581862933,1.6445344756158373,13137,0.31724600920857216,0.2204155323030899,-0.11206335732061215,0.16080168650300342,0.08133648830849145
st_louis_county,6,2023,grid_06,104893,13137,0.7896439853928762,0.7896439853928762,0.8409505347701511,0.8409505347701511,0.7930209087300136,0.7930209087300136,0.8439591881721,170512.61682954154,170512.61682954154,0.31551279401069815,67220.87349434964,67220.87349434964,0.23087474130091837,0.15506093334752288,-0.2522995937422189,-0.4129032477724611,-0.20268308511665165,0.38834710791071986,0.9520487151404239,1.028254225279574,0.9186725749610967,23.793664527788984,0.3776905359283208,-43.42077452682368,1.119282596765358,-0.09158885022483194,0.8717069092763438,-0.11257195023858317,-0.17985745929798727,-0.45219368672765686,0.4485471082046808,div,-0.2522995937422189,-0.25786722190580297,-2.635466947998176e-07,0.38834710791071986,13137,0.0,64869.99999999999,237499.99999999994,895260.5999999989,0.6436292634552832,0.9520487151404239,1.649477964915866,13137,0.31551279401069815,0.2212427372979128,-0.1125719502385832,0.1590494652298488,0.08573591658100087
st_louis_county,6,2023,grid_07,104893,13137,0.7841328007309456,0.7841328007309456,0.8420750594450321,0.8420750594450321,0.7875981971651557,0.7875981971651557,0.8450624408170262,172731.8326759112,172731.8326759112,0.3143954331760486,66625.4704196623,66625.4704196623,0.2286163745972121,0.15470580941016893,-0.25370064862686137,-0.41266268639120474,-0.20181160878816362,0.386902745344746,0.9537458369334724,1.0273314659043478,0.9175511189081687,23.526012302487775,0.3766237915565221,-41.95595965861918,1.1196449382861755,-0.0914503855167451,0.8706310216940832,-0.11213214175989171,-0.17915477239074698,-0.4520890150858309,0.44884401405872776,div,-0.25370064862686137,-0.25936409023922313,-2.6402456543348515e-07,0.386902745344746,13137,0.0,64869.99999999999,237499.99999999994,895260.5999999989,0.6442254257454607,0.9537458369334724,1.6393455758472972,13137,0.3143954331760486,0.2192899489153506,-0.11213214175989174,0.15792494055496784,0.08250214324937433
st_louis_county,6,2023,grid_08,104893,13137,0.7809155166969055,0.7809155166969055,0.8416923192556499,0.8416923192556499,0.7844325613882717,0.7844325613882717,0.8446869407184622,174014.26932619436,174014.26932619436,0.3147761803451917,66452.37351986,66452.37351986,0.22867572212477652,0.15328947664778705,-0.25047024339523377,-0.4095534277378567,-0.2018874344728057,0.38998651662756645,0.9534843896887767,1.0284118096041943,0.9191654585284764,23.526633315166983,0.3792268397652191,-41.070394280351174,1.1188538473264804,-0.09053504341345717,0.8719121586075582,-0.11171622616352192,-0.17849025940783306,-0.4497850922467491,0.44918432050091517,div,-0.25047024339523377,-0.25591446778675486,-2.6274029147461366e-07,0.38998651662756645,13137,0.0,64869.99999999999,237499.99999999994,895260.5999999989,0.6461885933094721,0.9534843896887767,1.6384471340655784,13137,0.3147761803451917,0.21879516781462824,-0.11171622616352196,0.15830768074435014,0.08178818051664337
st_louis_county,6,2023,grid_09,104893,13137,0.775176433772522,0.775176433772522,0.8387047277769145,0.8387047277769145,0.7787856100965268,0.7787856100965268,0.8417558639048541,176278.7526086859,176278.7526086859,0.317732534332697,68072.02611587841,68072.02611587841,0.2334779784494025,0.15749785582228695,-0.25904462532696515,-0.42230359148011565,-0.20887813119074128,0.3913083058554377,0.9532348774313002,1.030958163522042,0.917589020829597,24.060755827874576,0.3795723375769024,-44.45058483026691,1.1235511107030762,-0.09606121001827897,0.8667601994910082,-0.11583731548206747,-0.1850745697338314,-0.46184911154955616,0.4535491407376719,div,-0.25904462532696515,-0.2650840390520287,-2.726557116273399e-07,0.3913083058554377,13137,0.0,64869.99999999999,237499.99999999994,895260.5999999989,0.6459333651136339,0.9532348774313002,1.6614891298608048,13137,0.317732534332697,0.2232004776594481,-0.1158373154820675,0.16129527222308546,0.08525014507408335
st_louis_county,6,2023,grid_10,104893,13137,0.777464626205899,0.777464626205899,0.8371809926602981,0.8371809926602981,0.7810370693257567,0.7810370693257567,0.8402609524679379,175379.4000808685,175379.4000808685,0.3192297951653817,67698.98594362938,67698.98594362938,0.23193220919049895,0.1540069409150091,-0.250204533438412,-0.4051806837043879,-0.2026747233203286,0.3957325046682626,0.9562154196685396,1.029437832793841,0.9186994674452857,23.87481918044469,0.38443075888070455,-40.16950548751923,1.1205381838921664,-0.08855330303295235,0.8692181223001241,-0.1119637395795876,-0.17888571435075082,-0.4445043237946229,0.4405895335422427,div,-0.250204533438412,-0.25563099278750745,-2.663286242753824e-07,0.3957325046682626,13137,0.0,64869.99999999999,237499.99999999994,895260.5999999989,0.6371822724175064,0.9562154196685396,1.6491739823309821,13137,0.3192297951653817,0.22202517081472575,-0.11196373957958763,0.16281900733970192,0.07814110919510425
st_louis_county,6,2023,grid_11,104893,13137,0.7683151096499068,0.7683151096499068,0.8368199328787378,0.8368199328787378,0.7720344333618843,0.7720344333618843,0.8399067226605527,178948.4365004639,178948.4365004639,0.31958355365272706,68781.71327654207,68781.71327654207,0.23631794068677997,0.16157311335010827,-0.2598231645291728,-0.4239127032673969,-0.21186421964776816,0.39539580249733663,0.9535396368644469,1.0335481584732302,0.9186505120115782,24.38265553872289,0.3825761277334763,-44.560647590601754,1.1250722064151029,-0.0974512382346091,0.8652698878635954,-0.11732660124111007,-0.18745401818633117,-0.46489468896181946,0.4546758006894928,div,-0.2598231645291728,-0.26591875999086745,-2.7633180260783403e-07,0.39539580249733663,13137,0.0,64869.99999999999,237499.99999999994,895260.5999999989,0.6495874562260071,0.9535396368644469,1.677520138823374,13137,0.31958355365272706,0.22543166969462727,-0.11732660124111007,0.1631800671212623,0.08777960200476166
st_louis_county,7,2024,grid_00,118030,13291,0.5995822131378246,0.5995822131378246,0.843269812295984,0.843269812295984,0.6054336896538388,0.6054336896538388,0.8466535649074325,282654.47998603643,282654.47998603643,0.3173357965571343,71953.94252722408,71953.94252722408,0.2259000812710299,0.15866032754868548,-0.1837968042294099,-0.3193691529823615,-0.16892749705566967,0.42398463546371007,0.9376354976854742,1.0024671970844257,0.9014576943842534,23.311103810462193,0.42295706798413485,-28.51685486690737,1.1120512957284896,-0.059225813547317846,0.8841680238306097,-0.09623751717885026,-0.1497817617011,-0.3830177373515925,0.368787668758473,div,-0.1837968042294099,-0.1859094221382498,-1.7445719351496228e-07,0.42398463546371007,13291,0.0,67512.00000000004,243000.00000000012,916162.0,0.6255681773154184,0.9376354976854742,1.5628435836214292,13291,0.3173357965571343,0.22058053205566186,-0.09623751717885032,0.15673018770401603,0.086658732722423
st_louis_county,7,2024,grid_01,118030,13291,0.6074831455605032,0.6074831455605032,0.8460049871305374,0.8460049871305374,0.6132191623690749,0.6132191623690749,0.8493296882272474,279851.9566565682,279851.9566565682,0.3145546184625342,70617.34564357206,70617.34564357206,0.22298261099405792,0.15484650214454337,-0.17682350159405766,-0.3068801774670813,-0.1627909779135439,0.42521074772576567,0.9416986995926833,1.0042184665038991,0.9067602682221207,22.94260807994863,0.4234404753577282,-27.149214633147604,1.1074795640008182,-0.05415063125737098,0.8890215091528676,-0.09197421764036216,-0.14314646463345526,-0.36891795255234605,0.35845512594742984,div,-0.17682350159405766,-0.17870175240409883,-1.6832360622279195e-07,0.42521074772576567,13291,0.0,67512.00000000004,243000.00000000012,916162.0,0.628164800716916,0.9416986995926833,1.5534937457133773,13291,0.3145546184625342,0.21708943605471812,-0.09197421764036219,0.15399501286946257,0.08448110326638493
st_louis_county,7,2024,grid_02,118030,13291,0.6075550623275874,0.6075550623275874,0.8470423049966868,0.8470423049966868,0.6132900281856579,0.6132900281856579,0.850344610745762,279826.3183053571,279826.3183053571,0.3134934007659635,70344.74500368413,70344.74500368413,0.22187448838953122,0.15245981232025702,-0.17577089287265074,-0.3048030176822427,-0.16243930871901832,0.42718363618558136,0.942656833067208,1.0058695617618687,0.9085420264964422,22.83627464805086,0.42470686433150306,-27.448400014952995,1.107124967725208,-0.05380131733224742,0.8889005371591339,-0.09170488840843558,-0.14272728708172563,-0.36877991231220164,0.3602480148407781,div,-0.17577089287265074,-0.17761537829999302,-1.6809793336509465e-07,0.42718363618558136,13291,0.0,67512.00000000004,243000.00000000012,916162.0,0.628016023593984,0.942656833067208,1.5514631707709405,13291,0.3134934007659635,0.2155803950986841,-0.09170488840843563,0.15295769500331324,0.08017732800273236
st_louis_county,7,2024,grid_03,118030,13291,0.6059132332722954,0.6059132332722954,0.8475589287396901,0.8475589287396901,0.6116721918811269,0.6116721918811269,0.8508500807540245,280411.0467916489,280411.0467916489,0.31296353163658763,69784.64705950036,69784.64705950036,0.221414922916157,0.15048075427067237,-0.1713553983314217,-0.29751950152718687,-0.16086061750799296,0.4333881493446782,0.9439331654113383,1.008213905887545,0.911953213538271,22.812717293795647,0.4298735135015266,-25.459725829204874,1.1055544198104132,-0.05144525231940711,0.8909075179774912,-0.09021282669651128,-0.14040507804797164,-0.36303421645020617,0.3559786409403685,div,-0.1713553983314217,-0.173062730734236,-1.6625535008235386e-07,0.4333881493446782,13291,0.0,67512.00000000004,243000.00000000012,916162.0,0.6301189700625899,0.9439331654113383,1.5621173776032287,13291,0.31296353163658763,0.21437057656684833,-0.0902128266965113,0.15244107126030998,0.08009435671984824
st_louis_county,7,2024,grid_04,118030,13291,0.6021830309540905,0.6021830309540905,0.8474451908651105,0.8474451908651105,0.6079965006060901,0.6079965006060901,0.8507387984423188,281735.02729950804,281735.02729950804,0.3130802625460794,69845.67296181456,69845.67296181456,0.2213813105235607,0.15199105748597772,-0.1757755300896287,-0.30275880403255556,-0.16212085971179127,0.42922484749583684,0.9430636030566574,1.0075849675655144,0.9097897922166888,22.82633329029965,0.426009725654522,-26.506270625061987,1.107492056061158,-0.05319405097916725,0.8882592091241016,-0.09137717596342639,-0.14221724329855498,-0.3676673272664452,0.3599701413509561,div,-0.1757755300896287,-0.17762016335715886,-1.6890561159678618e-07,0.42922484749583684,13291,0.0,67512.00000000004,243000.00000000012,916162.0,0.6306470562231368,0.9430636030566574,1.5621942826717707,13291,0.3130802625460794,0.21465409650211556,-0.09137717596342644,0.15255480913488945,0.08098612628813627
st_louis_county,7,2024,grid_05,118030,13291,0.5996731565034854,0.5996731565034854,0.8459894426345822,0.8459894426345822,0.6055233040251695,0.6055233040251695,0.8493144793317885,282622.3797518472,282622.3797518472,0.3145704938779737,70285.49596479224,70285.49596479224,0.22279816918023912,0.1522003589530245,-0.1778217277101207,-0.3062905948030995,-0.16528308497353114,0.432551165884099,0.9438948756819113,1.0076240211841307,0.907923719862538,22.93331553628719,0.4292944888584822,-26.1095906243706,1.1098113191014414,-0.054955738363370504,0.8857007231437171,-0.09297976815958268,-0.14471147932485054,-0.37239381021328677,0.3637740519339999,div,-0.1778217277101207,-0.17973238512051198,-1.7219602409874538e-07,0.432551165884099,13291,0.0,67512.00000000004,243000.00000000012,916162.0,0.6257725301881596,0.9438948756819113,1.5605713920872772,13291,0.3145704938779737,0.21594628482516603,-0.09297976815958273,0.15401055736541777,0.08152824118090797
st_louis_county,7,2024,grid_06,118030,13291,0.6060184352126367,0.6060184352126367,0.8461188011438543,0.8461188011438543,0.6117758564604827,0.6117758564604827,0.8494410450338805,280373.61625893356,280373.61625893356,0.3144383570973882,70733.59890751493,70733.59890751493,0.22305957289101822,0.15485464225523732,-0.1777407021350366,-0.3087893021751707,-0.16337208755973523,0.42409031088814253,0.9407327020708882,1.0038902864001387,0.9061846989656241,22.97005243709004,0.4224627646812055,-27.078749663452296,1.10782083116835,-0.05491812223822251,0.88863750577877,-0.09242713977157385,-0.14385138176676232,-0.37092176167133567,0.3607474970406839,div,-0.1777407021350366,-0.1796487150558949,-1.6875088104485047e-07,0.42409031088814253,13291,0.0,67512.00000000004,243000.00000000012,916162.0,0.6266517978805293,0.9407327020708882,1.5537697959811978,13291,0.3144383570973882,0.2172685560230312,-0.09242713977157388,0.15388119885614568,0.08380295932883315
st_louis_county,7,2024,grid_07,118030,13291,0.6026124133931603,0.6026124133931603,0.8471232728316509,0.8471232728316509,0.6084196082957829,0.6084196082957829,0.8504238305121056,281582.94136182894,281582.94136182894,0.3134104162455764,70159.66898738056,70159.66898738056,0.22133064279333423,0.15312264006433315,-0.17563771720968496,-0.3040448174385322,-0.16123785473327623,0.4250814409065621,0.9411446178581919,1.0044552845249475,0.9076800825619341,22.793285548113854,0.4232119036902069,-26.504197419473197,1.1066181838978604,-0.0533368207835661,0.8897362749731933,-0.09119566372453015,-0.1419347420068637,-0.3670474128038038,0.3584598725246704,div,-0.17563771720968496,-0.1774779602668943,-1.6714397838810566e-07,0.4250814409065621,13291,0.0,67512.00000000004,243000.00000000012,916162.0,0.6298626302842921,0.9411446178581919,1.5492412016033994,13291,0.3134104162455764,0.21542968637390317,-0.0911956637245302,0.15287672716834916,0.08286686526426927
st_louis_county,7,2024,grid_08,118030,13291,0.6047958031931921,0.6047958031931921,0.8476556809199192,0.8476556809199192,0.6105710912860791,0.6105710912860791,0.85094474408687,280808.31708954176,280808.31708954176,0.31286419912124547,69762.11902675142,69762.11902675142,0.2208001328523361,0.1514681853624551,-0.1753698272943705,-0.3022892324810949,-0.16077299785451263,0.4263175092606652,0.9440759401609494,1.0069982654929435,0.9100896915884276,22.753160691692983,0.4233706875192305,-26.19371075302652,1.1064824432143345,-0.05271522996402763,0.8895489707971336,-0.0906919301760084,-0.1411507432033065,-0.36522106599072357,0.3574338127734996,div,-0.1753698272943705,-0.17720155668429266,-1.6737432992916216e-07,0.4263175092606652,13291,0.0,67512.00000000004,243000.00000000012,916162.0,0.6292618934807531,0.9440759401609494,1.5541778699376305,13291,0.31286419912124547,0.2144031436972462,-0.09069193017600846,0.1523443190800808,0.08103493757630569
st_louis_county,7,2024,grid_09,118030,13291,0.6013522077307674,0.6013522077307674,0.8450265245596433,0.8450265245596433,0.6071778185581587,0.6071778185581587,0.8483723503377435,282029.06945568864,282029.06945568864,0.3155523539230951,71089.06620662683,71089.06620662683,0.2245632258820017,0.15677235529552178,-0.18034991266161962,-0.3138971638595743,-0.16708058771381548,0.4266594217146021,0.9430251161402718,1.0071516355012333,0.9074111598154757,23.168202439155774,0.4236457135844228,-27.27867184160538,1.1099176207024388,-0.05704616822519002,0.8867156693079549,-0.09431889682896258,-0.14679566704211483,-0.37665927321047826,0.36423476237945673,div,-0.18034991266161962,-0.18234434161365465,-1.7226541070729373e-07,0.4266594217146021,13291,0.0,67512.00000000004,243000.00000000012,916162.0,0.6264215442369523,0.9430251161402718,1.569548430539898,13291,0.3155523539230951,0.2180857634003604,-0.09431889682896262,0.15497347544035664,0.08561496014193597
st_louis_county,7,2024,grid_10,118030,13291,0.5985558002056359,0.5985558002056359,0.84343438418294,0.84343438418294,0.6044222761331786,0.6044222761331786,0.8468145837420991,283016.5200111627,283016.5200111627,0.3171691462513359,70756.29436056176,70756.29436056176,0.2244007065189814,0.15399256055816615,-0.17319573591956247,-0.2990485809977706,-0.16277870172031905,0.43631342115175537,0.9478140059058039,1.0095946816850616,0.9116434444196038,23.094061737125497,0.43218317594254846,-25.483374710646867,1.1074446790190198,-0.05123847492989099,0.8880961326859564,-0.09131639397522365,-0.14212264367109595,-0.3624954657027564,0.35282123522145104,div,-0.17319573591956247,-0.17495935869995055,-1.6917515182084808e-07,0.43631342115175537,13291,0.0,67512.00000000004,243000.00000000012,916162.0,0.6230758237147045,0.9478140059058039,1.5731871773622808,13291,0.3171691462513359,0.21732614967249678,-0.09131639397522368,0.15656561581705997,0.07915870960010199
st_louis_county,7,2024,grid_11,118030,13291,0.5956155629324874,0.5956155629324874,0.843501629944035,0.843501629944035,0.6015250058058547,0.6015250058058547,0.8468803776895832,284051.05682137463,284051.05682137463,0.3171010260221001,71921.34044294315,71921.34044294315,0.22634273378657271,0.1594187125620679,-0.18234290820921964,-0.31692675529922165,-0.16915054457955103,0.4278162079107376,0.9429458738850639,1.0069249531115163,0.9058088627261232,23.338779479998408,0.4248899599754964,-27.7127953022389,1.1116307143220856,-0.05848351009061638,0.885127337705348,-0.09603390964673017,-0.1494648718253992,-0.3817049321907069,0.3649578393655337,div,-0.18234290820921964,-0.1844051094189922,-1.7464128499081203e-07,0.4278162079107376,13291,0.0,67512.00000000004,243000.00000000012,916162.0,0.6283159864174688,0.9429458738850639,1.5737371057284377,13291,0.3171010260221001,0.22017437047980531,-0.09603390964673021,0.15649837005596504,0.08924127799685037
